id,merchant_id,customer_id,status,created_at,updated_at
1,26,1,returned,2012-03-25 09:54:09 UTC,2012-03-25 09:54:09 UTC
2,75,1,returned,2012-03-12 05:54:09 UTC,2012-03-12 05:54:09 UTC
3,78,1,returned,2012-03-10 00:54:09 UTC,2012-03-10 00:54:09 UTC
4,33,1,shipped,2012-03-24 15:54:10 UTC,2012-03-24 15:54:10 UTC
5,41,1,shipped,2012-03-07 19:54:10 UTC,2012-03-07 19:54:10 UTC
6,76,1,returned,2012-03-09 01:54:10 UTC,2012-03-09 01:54:10 UTC
7,44,1,packaged,2012-03-07 21:54:10 UTC,2012-03-07 21:54:10 UTC
8,38,1,shipped,2012-03-13 16:54:10 UTC,2012-03-13 16:54:10 UTC
9,27,2,returned,2012-03-07 12:54:10 UTC,2012-03-07 12:54:10 UTC
10,86,3,returned,2012-03-06 21:54:10 UTC,2012-03-06 21:54:10 UTC
11,62,3,shipped,2012-03-08 20:54:10 UTC,2012-03-08 20:54:10 UTC
12,8,3,packaged,2012-03-21 13:54:10 UTC,2012-03-21 13:54:10 UTC
13,34,3,returned,2012-03-10 10:54:10 UTC,2012-03-10 10:54:10 UTC
14,44,4,returned,2012-03-26 06:54:10 UTC,2012-03-26 06:54:10 UTC
15,84,4,packaged,2012-03-26 07:54:10 UTC,2012-03-26 07:54:10 UTC
16,27,4,packaged,2012-03-12 03:54:10 UTC,2012-03-12 03:54:10 UTC
17,14,4,shipped,2012-03-13 07:54:10 UTC,2012-03-13 07:54:10 UTC
18,53,4,packaged,2012-03-07 10:54:10 UTC,2012-03-07 10:54:10 UTC
19,83,4,returned,2012-03-19 13:54:10 UTC,2012-03-19 13:54:10 UTC
20,10,4,packaged,2012-03-22 08:54:10 UTC,2012-03-22 08:54:10 UTC
21,90,4,shipped,2012-03-13 04:54:10 UTC,2012-03-13 04:54:10 UTC
22,79,7,shipped,2012-03-15 14:54:10 UTC,2012-03-15 14:54:10 UTC
23,91,7,packaged,2012-03-16 13:54:11 UTC,2012-03-16 13:54:11 UTC
24,18,7,packaged,2012-03-17 08:54:11 UTC,2012-03-17 08:54:11 UTC
25,86,7,shipped,2012-03-27 07:54:11 UTC,2012-03-27 07:54:11 UTC
26,28,7,returned,2012-03-21 11:54:11 UTC,2012-03-21 11:54:11 UTC
27,63,7,packaged,2012-03-12 04:54:11 UTC,2012-03-12 04:54:11 UTC
28,99,7,packaged,2012-03-19 18:54:11 UTC,2012-03-19 18:54:11 UTC
29,1,7,returned,2012-03-25 13:54:11 UTC,2012-03-25 13:54:11 UTC
30,28,8,shipped,2012-03-12 07:54:11 UTC,2012-03-12 07:54:11 UTC
31,52,8,packaged,2012-03-23 16:54:11 UTC,2012-03-23 16:54:11 UTC
32,85,8,shipped,2012-03-13 06:54:11 UTC,2012-03-13 06:54:11 UTC
33,43,9,packaged,2012-03-15 18:54:11 UTC,2012-03-15 18:54:11 UTC
34,98,9,packaged,2012-03-18 19:54:11 UTC,2012-03-18 19:54:11 UTC
35,60,9,shipped,2012-03-21 16:54:11 UTC,2012-03-21 16:54:11 UTC
36,96,9,shipped,2012-03-16 10:54:11 UTC,2012-03-16 10:54:11 UTC
37,39,9,shipped,2012-03-13 19:54:11 UTC,2012-03-13 19:54:11 UTC
38,73,9,packaged,2012-03-10 04:54:11 UTC,2012-03-10 04:54:11 UTC
39,41,9,shipped,2012-03-22 01:54:11 UTC,2012-03-22 01:54:11 UTC
40,92,10,shipped,2012-03-14 21:54:11 UTC,2012-03-14 21:54:11 UTC
41,93,10,packaged,2012-03-21 21:54:11 UTC,2012-03-21 21:54:11 UTC
42,55,10,returned,2012-03-19 05:54:11 UTC,2012-03-19 05:54:11 UTC
43,58,10,shipped,2012-03-17 02:54:11 UTC,2012-03-17 02:54:11 UTC
44,4,10,packaged,2012-03-27 11:54:11 UTC,2012-03-27 11:54:11 UTC
45,2,10,packaged,2012-03-18 09:54:11 UTC,2012-03-18 09:54:11 UTC
46,86,10,returned,2012-03-15 20:54:11 UTC,2012-03-15 20:54:11 UTC
47,47,10,returned,2012-03-27 07:54:12 UTC,2012-03-27 07:54:12 UTC
48,56,11,returned,2012-03-16 05:54:12 UTC,2012-03-16 05:54:12 UTC
49,62,11,shipped,2012-03-18 05:54:12 UTC,2012-03-18 05:54:12 UTC
50,29,11,shipped,2012-03-21 13:54:12 UTC,2012-03-21 13:54:12 UTC
51,51,11,packaged,2012-03-16 12:54:12 UTC,2012-03-16 12:54:12 UTC
52,87,12,shipped,2012-03-08 21:54:12 UTC,2012-03-08 21:54:12 UTC
53,34,12,packaged,2012-03-24 22:54:12 UTC,2012-03-24 22:54:12 UTC
54,11,12,shipped,2012-03-27 07:54:12 UTC,2012-03-27 07:54:12 UTC
55,99,12,returned,2012-03-25 23:54:12 UTC,2012-03-25 23:54:12 UTC
56,32,12,shipped,2012-03-24 00:54:12 UTC,2012-03-24 00:54:12 UTC
57,73,12,shipped,2012-03-21 10:54:12 UTC,2012-03-21 10:54:12 UTC
58,71,12,shipped,2012-03-17 13:54:12 UTC,2012-03-17 13:54:12 UTC
59,92,12,shipped,2012-03-14 04:54:12 UTC,2012-03-14 04:54:12 UTC
60,52,12,shipped,2012-03-12 13:54:12 UTC,2012-03-12 13:54:12 UTC
61,76,13,shipped,2012-03-09 05:54:12 UTC,2012-03-09 05:54:12 UTC
62,97,13,returned,2012-03-23 06:54:12 UTC,2012-03-23 06:54:12 UTC
63,19,13,packaged,2012-03-27 01:54:12 UTC,2012-03-27 01:54:12 UTC
64,95,13,returned,2012-03-15 07:54:12 UTC,2012-03-15 07:54:12 UTC
65,76,13,returned,2012-03-17 02:54:12 UTC,2012-03-17 02:54:12 UTC
66,59,13,returned,2012-03-15 23:54:12 UTC,2012-03-15 23:54:12 UTC
67,47,13,returned,2012-03-26 04:54:12 UTC,2012-03-26 04:54:12 UTC
68,92,13,packaged,2012-03-09 02:54:13 UTC,2012-03-09 02:54:13 UTC
69,21,13,returned,2012-03-16 18:54:13 UTC,2012-03-16 18:54:13 UTC
70,22,14,packaged,2012-03-12 10:54:13 UTC,2012-03-12 10:54:13 UTC
71,37,15,returned,2012-03-13 08:54:13 UTC,2012-03-13 08:54:13 UTC
72,60,15,returned,2012-03-08 11:54:13 UTC,2012-03-08 11:54:13 UTC
73,10,15,returned,2012-03-17 15:54:13 UTC,2012-03-17 15:54:13 UTC
74,94,15,packaged,2012-03-24 01:54:13 UTC,2012-03-24 01:54:13 UTC
75,25,15,shipped,2012-03-12 20:54:13 UTC,2012-03-12 20:54:13 UTC
76,23,15,returned,2012-03-07 08:54:13 UTC,2012-03-07 08:54:13 UTC
77,2,16,shipped,2012-03-25 06:54:13 UTC,2012-03-25 06:54:13 UTC
78,57,16,packaged,2012-03-17 22:54:13 UTC,2012-03-17 22:54:13 UTC
79,81,16,shipped,2012-03-12 09:54:13 UTC,2012-03-12 09:54:13 UTC
80,18,16,returned,2012-03-19 11:54:13 UTC,2012-03-19 11:54:13 UTC
81,81,16,returned,2012-03-14 02:54:13 UTC,2012-03-14 02:54:13 UTC
82,63,16,packaged,2012-03-15 18:54:13 UTC,2012-03-15 18:54:13 UTC
83,32,16,shipped,2012-03-22 12:54:13 UTC,2012-03-22 12:54:13 UTC
84,33,16,packaged,2012-03-10 05:54:13 UTC,2012-03-10 05:54:13 UTC
85,12,17,returned,2012-03-14 21:54:13 UTC,2012-03-14 21:54:13 UTC
86,3,17,packaged,2012-03-17 17:54:13 UTC,2012-03-17 17:54:13 UTC
87,29,17,returned,2012-03-22 21:54:13 UTC,2012-03-22 21:54:13 UTC
88,10,17,packaged,2012-03-19 21:54:14 UTC,2012-03-19 21:54:14 UTC
89,94,17,packaged,2012-03-19 16:54:14 UTC,2012-03-19 16:54:14 UTC
90,68,17,shipped,2012-03-19 07:54:14 UTC,2012-03-19 07:54:14 UTC
91,25,17,returned,2012-03-09 16:54:14 UTC,2012-03-09 16:54:14 UTC
92,31,17,packaged,2012-03-21 21:54:14 UTC,2012-03-21 21:54:14 UTC
93,88,17,packaged,2012-03-14 11:54:14 UTC,2012-03-14 11:54:14 UTC
94,43,17,returned,2012-03-24 11:54:14 UTC,2012-03-24 11:54:14 UTC
95,31,19,packaged,2012-03-23 22:54:14 UTC,2012-03-23 22:54:14 UTC
96,45,19,packaged,2012-03-14 21:54:14 UTC,2012-03-14 21:54:14 UTC
97,80,19,shipped,2012-03-18 01:54:14 UTC,2012-03-18 01:54:14 UTC
98,27,19,shipped,2012-03-27 06:54:14 UTC,2012-03-27 06:54:14 UTC
99,73,20,packaged,2012-03-13 12:54:14 UTC,2012-03-13 12:54:14 UTC
100,66,20,packaged,2012-03-24 00:54:14 UTC,2012-03-24 00:54:14 UTC
101,98,20,returned,2012-03-19 10:54:14 UTC,2012-03-19 10:54:14 UTC
102,14,20,packaged,2012-03-22 08:54:14 UTC,2012-03-22 08:54:14 UTC
103,57,20,packaged,2012-03-11 06:54:14 UTC,2012-03-11 06:54:14 UTC
104,29,20,returned,2012-03-21 13:54:14 UTC,2012-03-21 13:54:14 UTC
105,59,20,shipped,2012-03-08 12:54:15 UTC,2012-03-08 12:54:15 UTC
106,98,20,shipped,2012-03-10 18:54:15 UTC,2012-03-10 18:54:15 UTC
107,89,20,shipped,2012-03-16 11:54:15 UTC,2012-03-16 11:54:15 UTC
108,66,20,returned,2012-03-20 14:54:15 UTC,2012-03-20 14:54:15 UTC
109,96,21,packaged,2012-03-19 00:54:15 UTC,2012-03-19 00:54:15 UTC
110,45,21,returned,2012-03-12 04:54:15 UTC,2012-03-12 04:54:15 UTC
111,72,21,returned,2012-03-21 17:54:15 UTC,2012-03-21 17:54:15 UTC
112,71,21,shipped,2012-03-06 14:54:15 UTC,2012-03-06 14:54:15 UTC
113,18,21,packaged,2012-03-13 11:54:15 UTC,2012-03-13 11:54:15 UTC
114,44,21,shipped,2012-03-11 07:54:15 UTC,2012-03-11 07:54:15 UTC
115,87,21,packaged,2012-03-18 18:54:15 UTC,2012-03-18 18:54:15 UTC
116,80,21,shipped,2012-03-24 08:54:15 UTC,2012-03-24 08:54:15 UTC
117,84,22,shipped,2012-03-20 02:54:15 UTC,2012-03-20 02:54:15 UTC
118,67,22,packaged,2012-03-17 19:54:15 UTC,2012-03-17 19:54:15 UTC
119,93,22,packaged,2012-03-27 10:54:15 UTC,2012-03-27 10:54:15 UTC
120,9,22,packaged,2012-03-13 06:54:15 UTC,2012-03-13 06:54:15 UTC
121,2,22,shipped,2012-03-27 01:54:15 UTC,2012-03-27 01:54:15 UTC
122,63,22,returned,2012-03-20 17:54:16 UTC,2012-03-20 17:54:16 UTC
123,96,22,returned,2012-03-15 18:54:16 UTC,2012-03-15 18:54:16 UTC
124,57,22,returned,2012-03-17 21:54:16 UTC,2012-03-17 21:54:16 UTC
125,59,23,packaged,2012-03-10 11:54:16 UTC,2012-03-10 11:54:16 UTC
126,30,23,shipped,2012-03-26 18:54:16 UTC,2012-03-26 18:54:16 UTC
127,61,23,returned,2012-03-23 14:54:16 UTC,2012-03-23 14:54:16 UTC
128,65,23,packaged,2012-03-23 07:54:16 UTC,2012-03-23 07:54:16 UTC
129,31,23,returned,2012-03-22 11:54:16 UTC,2012-03-22 11:54:16 UTC
130,58,23,packaged,2012-03-20 20:54:16 UTC,2012-03-20 20:54:16 UTC
131,39,23,packaged,2012-03-14 14:54:16 UTC,2012-03-14 14:54:16 UTC
132,71,25,shipped,2012-03-09 16:54:16 UTC,2012-03-09 16:54:16 UTC
133,41,25,shipped,2012-03-07 13:54:16 UTC,2012-03-07 13:54:16 UTC
134,49,25,returned,2012-03-11 16:54:16 UTC,2012-03-11 16:54:16 UTC
135,100,25,shipped,2012-03-27 11:54:16 UTC,2012-03-27 11:54:16 UTC
136,26,25,packaged,2012-03-09 16:54:16 UTC,2012-03-09 16:54:16 UTC
137,1,25,returned,2012-03-19 18:54:16 UTC,2012-03-19 18:54:16 UTC
138,16,26,packaged,2012-03-18 13:54:16 UTC,2012-03-18 13:54:16 UTC
139,16,26,returned,2012-03-25 17:54:16 UTC,2012-03-25 17:54:16 UTC
140,56,27,returned,2012-03-27 04:54:16 UTC,2012-03-27 04:54:16 UTC
141,25,28,packaged,2012-03-07 01:54:16 UTC,2012-03-07 01:54:16 UTC
142,32,28,returned,2012-03-12 21:54:16 UTC,2012-03-12 21:54:16 UTC
143,29,28,packaged,2012-03-22 19:54:17 UTC,2012-03-22 19:54:17 UTC
144,7,28,returned,2012-03-17 16:54:17 UTC,2012-03-17 16:54:17 UTC
145,81,28,shipped,2012-03-27 01:54:17 UTC,2012-03-27 01:54:17 UTC
146,77,28,shipped,2012-03-17 06:54:17 UTC,2012-03-17 06:54:17 UTC
147,43,28,shipped,2012-03-18 21:54:17 UTC,2012-03-18 21:54:17 UTC
148,7,28,returned,2012-03-08 14:54:17 UTC,2012-03-08 14:54:17 UTC
149,52,28,returned,2012-03-21 23:54:17 UTC,2012-03-21 23:54:17 UTC
150,53,28,returned,2012-03-11 03:54:17 UTC,2012-03-11 03:54:17 UTC
151,92,29,packaged,2012-03-17 10:54:17 UTC,2012-03-17 10:54:17 UTC
152,7,29,packaged,2012-03-16 15:54:17 UTC,2012-03-16 15:54:17 UTC
153,45,29,returned,2012-03-12 16:54:17 UTC,2012-03-12 16:54:17 UTC
154,100,29,shipped,2012-03-25 03:54:17 UTC,2012-03-25 03:54:17 UTC
155,1,29,packaged,2012-03-23 18:54:17 UTC,2012-03-23 18:54:17 UTC
156,55,29,shipped,2012-03-19 08:54:17 UTC,2012-03-19 08:54:17 UTC
157,46,29,returned,2012-03-22 18:54:17 UTC,2012-03-22 18:54:17 UTC
158,83,30,packaged,2012-03-06 15:54:17 UTC,2012-03-06 15:54:17 UTC
159,38,30,returned,2012-03-11 12:54:17 UTC,2012-03-11 12:54:17 UTC
160,56,30,shipped,2012-03-13 20:54:17 UTC,2012-03-13 20:54:17 UTC
161,10,31,packaged,2012-03-18 00:54:17 UTC,2012-03-18 00:54:17 UTC
162,11,31,shipped,2012-03-16 17:54:17 UTC,2012-03-16 17:54:17 UTC
163,60,31,returned,2012-03-11 05:54:17 UTC,2012-03-11 05:54:17 UTC
164,81,31,packaged,2012-03-14 13:54:18 UTC,2012-03-14 13:54:18 UTC
165,45,32,shipped,2012-03-18 18:54:18 UTC,2012-03-18 18:54:18 UTC
166,74,32,returned,2012-03-09 10:54:18 UTC,2012-03-09 10:54:18 UTC
167,6,32,returned,2012-03-25 20:54:18 UTC,2012-03-25 20:54:18 UTC
168,69,33,returned,2012-03-09 00:54:18 UTC,2012-03-09 00:54:18 UTC
169,87,34,returned,2012-03-09 20:54:18 UTC,2012-03-09 20:54:18 UTC
170,96,36,packaged,2012-03-13 12:54:18 UTC,2012-03-13 12:54:18 UTC
171,60,36,shipped,2012-03-20 02:54:18 UTC,2012-03-20 02:54:18 UTC
172,46,36,returned,2012-03-09 13:54:18 UTC,2012-03-09 13:54:18 UTC
173,43,37,returned,2012-03-10 04:54:18 UTC,2012-03-10 04:54:18 UTC
174,98,37,returned,2012-03-25 13:54:18 UTC,2012-03-25 13:54:18 UTC
175,55,37,returned,2012-03-21 22:54:18 UTC,2012-03-21 22:54:18 UTC
176,22,37,shipped,2012-03-07 11:54:18 UTC,2012-03-07 11:54:18 UTC
177,60,37,returned,2012-03-24 18:54:18 UTC,2012-03-24 18:54:18 UTC
178,77,37,returned,2012-03-18 20:54:18 UTC,2012-03-18 20:54:18 UTC
179,24,37,shipped,2012-03-08 09:54:18 UTC,2012-03-08 09:54:18 UTC
180,68,38,shipped,2012-03-14 22:54:18 UTC,2012-03-14 22:54:18 UTC
181,48,38,packaged,2012-03-24 09:54:18 UTC,2012-03-24 09:54:18 UTC
182,93,38,shipped,2012-03-17 12:54:18 UTC,2012-03-17 12:54:18 UTC
183,15,38,shipped,2012-03-15 21:54:18 UTC,2012-03-15 21:54:18 UTC
184,7,38,returned,2012-03-26 20:54:18 UTC,2012-03-26 20:54:18 UTC
185,31,38,shipped,2012-03-14 02:54:18 UTC,2012-03-14 02:54:18 UTC
186,3,39,returned,2012-03-26 02:54:19 UTC,2012-03-26 02:54:19 UTC
187,24,40,packaged,2012-03-07 04:54:19 UTC,2012-03-07 04:54:19 UTC
188,87,40,shipped,2012-03-24 22:54:19 UTC,2012-03-24 22:54:19 UTC
189,12,40,shipped,2012-03-17 20:54:19 UTC,2012-03-17 20:54:19 UTC
190,64,40,shipped,2012-03-17 18:54:19 UTC,2012-03-17 18:54:19 UTC
191,15,40,shipped,2012-03-17 06:54:19 UTC,2012-03-17 06:54:19 UTC
192,98,40,packaged,2012-03-20 08:54:19 UTC,2012-03-20 08:54:19 UTC
193,81,41,packaged,2012-03-24 06:54:19 UTC,2012-03-24 06:54:19 UTC
194,45,41,packaged,2012-03-17 15:54:19 UTC,2012-03-17 15:54:19 UTC
195,94,41,shipped,2012-03-10 02:54:19 UTC,2012-03-10 02:54:19 UTC
196,54,41,shipped,2012-03-15 07:54:19 UTC,2012-03-15 07:54:19 UTC
197,86,41,shipped,2012-03-18 07:54:19 UTC,2012-03-18 07:54:19 UTC
198,41,41,returned,2012-03-22 03:54:19 UTC,2012-03-22 03:54:19 UTC
199,93,41,shipped,2012-03-24 12:54:19 UTC,2012-03-24 12:54:19 UTC
200,98,41,shipped,2012-03-08 20:54:19 UTC,2012-03-08 20:54:19 UTC
201,44,41,shipped,2012-03-17 08:54:19 UTC,2012-03-17 08:54:19 UTC
202,22,42,returned,2012-03-14 15:54:19 UTC,2012-03-14 15:54:19 UTC
203,31,42,shipped,2012-03-10 08:54:19 UTC,2012-03-10 08:54:19 UTC
204,43,42,packaged,2012-03-07 13:54:19 UTC,2012-03-07 13:54:19 UTC
205,92,42,shipped,2012-03-16 02:54:19 UTC,2012-03-16 02:54:19 UTC
206,40,42,shipped,2012-03-09 10:54:19 UTC,2012-03-09 10:54:19 UTC
207,87,42,packaged,2012-03-10 20:54:20 UTC,2012-03-10 20:54:20 UTC
208,10,42,returned,2012-03-08 20:54:20 UTC,2012-03-08 20:54:20 UTC
209,12,42,returned,2012-03-07 07:54:20 UTC,2012-03-07 07:54:20 UTC
210,56,42,packaged,2012-03-22 22:54:20 UTC,2012-03-22 22:54:20 UTC
211,68,43,returned,2012-03-08 07:54:20 UTC,2012-03-08 07:54:20 UTC
212,27,43,returned,2012-03-15 17:54:20 UTC,2012-03-15 17:54:20 UTC
213,71,43,shipped,2012-03-21 22:54:20 UTC,2012-03-21 22:54:20 UTC
214,81,43,shipped,2012-03-21 12:54:20 UTC,2012-03-21 12:54:20 UTC
215,64,44,returned,2012-03-15 02:54:20 UTC,2012-03-15 02:54:20 UTC
216,79,45,packaged,2012-03-19 12:54:20 UTC,2012-03-19 12:54:20 UTC
217,28,45,returned,2012-03-21 03:54:20 UTC,2012-03-21 03:54:20 UTC
218,29,45,returned,2012-03-07 04:54:20 UTC,2012-03-07 04:54:20 UTC
219,47,45,shipped,2012-03-27 10:54:20 UTC,2012-03-27 10:54:20 UTC
220,84,45,packaged,2012-03-18 05:54:20 UTC,2012-03-18 05:54:20 UTC
221,15,46,packaged,2012-03-19 04:54:20 UTC,2012-03-19 04:54:20 UTC
222,7,48,packaged,2012-03-13 06:54:20 UTC,2012-03-13 06:54:20 UTC
223,72,48,shipped,2012-03-12 17:54:20 UTC,2012-03-12 17:54:20 UTC
224,95,49,packaged,2012-03-19 06:54:20 UTC,2012-03-19 06:54:20 UTC
225,41,49,returned,2012-03-20 14:54:20 UTC,2012-03-20 14:54:20 UTC
226,92,49,packaged,2012-03-17 15:54:21 UTC,2012-03-17 15:54:21 UTC
227,95,49,packaged,2012-03-23 09:54:21 UTC,2012-03-23 09:54:21 UTC
228,63,50,returned,2012-03-20 12:54:21 UTC,2012-03-20 12:54:21 UTC
229,34,51,shipped,2012-03-10 22:54:21 UTC,2012-03-10 22:54:21 UTC
230,34,51,returned,2012-03-07 22:54:21 UTC,2012-03-07 22:54:21 UTC
231,38,51,returned,2012-03-16 17:54:21 UTC,2012-03-16 17:54:21 UTC
232,50,51,returned,2012-03-12 08:54:21 UTC,2012-03-12 08:54:21 UTC
233,60,51,shipped,2012-03-24 02:54:21 UTC,2012-03-24 02:54:21 UTC
234,89,51,shipped,2012-03-10 23:54:21 UTC,2012-03-10 23:54:21 UTC
235,85,51,packaged,2012-03-10 13:54:21 UTC,2012-03-10 13:54:21 UTC
236,84,51,shipped,2012-03-20 01:54:21 UTC,2012-03-20 01:54:21 UTC
237,7,51,packaged,2012-03-14 00:54:21 UTC,2012-03-14 00:54:21 UTC
238,23,52,returned,2012-03-14 19:54:21 UTC,2012-03-14 19:54:21 UTC
239,80,52,packaged,2012-03-24 12:54:21 UTC,2012-03-24 12:54:21 UTC
240,75,52,packaged,2012-03-06 18:54:21 UTC,2012-03-06 18:54:21 UTC
241,7,53,packaged,2012-03-16 22:54:21 UTC,2012-03-16 22:54:21 UTC
242,54,53,returned,2012-03-23 09:54:21 UTC,2012-03-23 09:54:21 UTC
243,35,53,returned,2012-03-21 05:54:21 UTC,2012-03-21 05:54:21 UTC
244,41,53,returned,2012-03-22 01:54:21 UTC,2012-03-22 01:54:21 UTC
245,70,54,packaged,2012-03-19 22:54:21 UTC,2012-03-19 22:54:21 UTC
246,4,55,shipped,2012-03-16 11:54:21 UTC,2012-03-16 11:54:21 UTC
247,21,55,shipped,2012-03-21 06:54:21 UTC,2012-03-21 06:54:21 UTC
248,11,55,returned,2012-03-24 06:54:22 UTC,2012-03-24 06:54:22 UTC
249,17,55,packaged,2012-03-12 16:54:22 UTC,2012-03-12 16:54:22 UTC
250,73,56,packaged,2012-03-12 21:54:22 UTC,2012-03-12 21:54:22 UTC
251,62,56,returned,2012-03-07 20:54:22 UTC,2012-03-07 20:54:22 UTC
252,6,56,returned,2012-03-11 09:54:22 UTC,2012-03-11 09:54:22 UTC
253,22,56,packaged,2012-03-13 05:54:22 UTC,2012-03-13 05:54:22 UTC
254,52,56,shipped,2012-03-12 15:54:22 UTC,2012-03-12 15:54:22 UTC
255,80,56,packaged,2012-03-26 03:54:22 UTC,2012-03-26 03:54:22 UTC
256,43,56,packaged,2012-03-26 06:54:22 UTC,2012-03-26 06:54:22 UTC
257,25,56,shipped,2012-03-20 23:54:22 UTC,2012-03-20 23:54:22 UTC
258,74,56,returned,2012-03-25 19:54:22 UTC,2012-03-25 19:54:22 UTC
259,2,57,returned,2012-03-08 03:54:22 UTC,2012-03-08 03:54:22 UTC
260,65,57,packaged,2012-03-26 02:54:22 UTC,2012-03-26 02:54:22 UTC
261,7,57,shipped,2012-03-12 18:54:22 UTC,2012-03-12 18:54:22 UTC
262,58,57,shipped,2012-03-10 13:54:22 UTC,2012-03-10 13:54:22 UTC
263,63,57,packaged,2012-03-16 06:54:22 UTC,2012-03-16 06:54:22 UTC
264,98,57,shipped,2012-03-13 14:54:22 UTC,2012-03-13 14:54:22 UTC
265,44,58,shipped,2012-03-15 10:54:22 UTC,2012-03-15 10:54:22 UTC
266,75,58,packaged,2012-03-14 04:54:22 UTC,2012-03-14 04:54:22 UTC
267,100,58,shipped,2012-03-24 01:54:22 UTC,2012-03-24 01:54:22 UTC
268,89,59,returned,2012-03-25 12:54:23 UTC,2012-03-25 12:54:23 UTC
269,35,59,packaged,2012-03-13 01:54:23 UTC,2012-03-13 01:54:23 UTC
270,32,59,shipped,2012-03-21 21:54:23 UTC,2012-03-21 21:54:23 UTC
271,78,59,returned,2012-03-07 12:54:23 UTC,2012-03-07 12:54:23 UTC
272,52,59,shipped,2012-03-12 19:54:23 UTC,2012-03-12 19:54:23 UTC
273,72,59,packaged,2012-03-08 21:54:23 UTC,2012-03-08 21:54:23 UTC
274,9,59,shipped,2012-03-17 14:54:23 UTC,2012-03-17 14:54:23 UTC
275,27,60,returned,2012-03-26 16:54:23 UTC,2012-03-26 16:54:23 UTC
276,94,60,packaged,2012-03-10 11:54:23 UTC,2012-03-10 11:54:23 UTC
277,2,60,shipped,2012-03-11 14:54:23 UTC,2012-03-11 14:54:23 UTC
278,94,60,shipped,2012-03-27 00:54:23 UTC,2012-03-27 00:54:23 UTC
279,41,60,packaged,2012-03-18 07:54:23 UTC,2012-03-18 07:54:23 UTC
280,93,60,packaged,2012-03-27 01:54:23 UTC,2012-03-27 01:54:23 UTC
281,35,60,shipped,2012-03-07 06:54:23 UTC,2012-03-07 06:54:23 UTC
282,94,60,packaged,2012-03-06 17:54:23 UTC,2012-03-06 17:54:23 UTC
283,11,61,returned,2012-03-20 07:54:23 UTC,2012-03-20 07:54:23 UTC
284,27,61,returned,2012-03-08 20:54:23 UTC,2012-03-08 20:54:23 UTC
285,6,61,shipped,2012-03-07 06:54:23 UTC,2012-03-07 06:54:23 UTC
286,99,61,packaged,2012-03-25 04:54:23 UTC,2012-03-25 04:54:23 UTC
287,41,61,packaged,2012-03-17 19:54:23 UTC,2012-03-17 19:54:23 UTC
288,49,61,packaged,2012-03-08 03:54:24 UTC,2012-03-08 03:54:24 UTC
289,16,61,returned,2012-03-16 15:54:24 UTC,2012-03-16 15:54:24 UTC
290,72,62,packaged,2012-03-12 00:54:24 UTC,2012-03-12 00:54:24 UTC
291,6,62,shipped,2012-03-07 00:54:24 UTC,2012-03-07 00:54:24 UTC
292,11,62,packaged,2012-03-09 00:54:24 UTC,2012-03-09 00:54:24 UTC
293,48,62,packaged,2012-03-12 19:54:24 UTC,2012-03-12 19:54:24 UTC
294,9,63,returned,2012-03-09 19:54:24 UTC,2012-03-09 19:54:24 UTC
295,76,63,returned,2012-03-15 16:54:24 UTC,2012-03-15 16:54:24 UTC
296,45,63,returned,2012-03-19 23:54:24 UTC,2012-03-19 23:54:24 UTC
297,23,64,shipped,2012-03-11 12:54:24 UTC,2012-03-11 12:54:24 UTC
298,78,64,returned,2012-03-15 05:54:24 UTC,2012-03-15 05:54:24 UTC
299,53,64,returned,2012-03-18 02:54:24 UTC,2012-03-18 02:54:24 UTC
300,18,64,packaged,2012-03-16 09:54:24 UTC,2012-03-16 09:54:24 UTC
301,9,64,packaged,2012-03-22 12:54:24 UTC,2012-03-22 12:54:24 UTC
302,90,64,shipped,2012-03-09 03:54:24 UTC,2012-03-09 03:54:24 UTC
303,76,64,returned,2012-03-16 05:54:24 UTC,2012-03-16 05:54:24 UTC
304,4,64,returned,2012-03-11 14:54:24 UTC,2012-03-11 14:54:24 UTC
305,13,64,packaged,2012-03-21 12:54:24 UTC,2012-03-21 12:54:24 UTC
306,29,64,packaged,2012-03-17 09:54:24 UTC,2012-03-17 09:54:24 UTC
307,13,65,shipped,2012-03-22 18:54:24 UTC,2012-03-22 18:54:24 UTC
308,90,66,returned,2012-03-18 21:54:24 UTC,2012-03-18 21:54:24 UTC
309,27,66,packaged,2012-03-07 00:54:24 UTC,2012-03-07 00:54:24 UTC
310,47,66,packaged,2012-03-11 18:54:25 UTC,2012-03-11 18:54:25 UTC
311,84,66,returned,2012-03-13 20:54:25 UTC,2012-03-13 20:54:25 UTC
312,34,66,returned,2012-03-27 08:54:25 UTC,2012-03-27 08:54:25 UTC
313,94,66,packaged,2012-03-07 18:54:25 UTC,2012-03-07 18:54:25 UTC
314,49,66,shipped,2012-03-18 02:54:25 UTC,2012-03-18 02:54:25 UTC
315,16,66,packaged,2012-03-27 08:54:25 UTC,2012-03-27 08:54:25 UTC
316,56,66,returned,2012-03-22 05:54:25 UTC,2012-03-22 05:54:25 UTC
317,49,66,returned,2012-03-17 09:54:25 UTC,2012-03-17 09:54:25 UTC
318,3,67,packaged,2012-03-16 16:54:25 UTC,2012-03-16 16:54:25 UTC
319,90,67,packaged,2012-03-22 17:54:25 UTC,2012-03-22 17:54:25 UTC
320,83,67,packaged,2012-03-11 22:54:25 UTC,2012-03-11 22:54:25 UTC
321,74,67,shipped,2012-03-25 14:54:25 UTC,2012-03-25 14:54:25 UTC
322,42,69,packaged,2012-03-11 04:54:25 UTC,2012-03-11 04:54:25 UTC
323,10,69,packaged,2012-03-23 17:54:25 UTC,2012-03-23 17:54:25 UTC
324,98,69,shipped,2012-03-22 11:54:25 UTC,2012-03-22 11:54:25 UTC
325,62,69,packaged,2012-03-08 04:54:25 UTC,2012-03-08 04:54:25 UTC
326,84,69,returned,2012-03-17 20:54:25 UTC,2012-03-17 20:54:25 UTC
327,51,69,returned,2012-03-19 14:54:25 UTC,2012-03-19 14:54:25 UTC
328,25,69,returned,2012-03-13 06:54:25 UTC,2012-03-13 06:54:25 UTC
329,54,69,shipped,2012-03-09 09:54:25 UTC,2012-03-09 09:54:25 UTC
330,32,69,packaged,2012-03-23 16:54:25 UTC,2012-03-23 16:54:25 UTC
331,30,70,shipped,2012-03-10 12:54:25 UTC,2012-03-10 12:54:25 UTC
332,53,70,returned,2012-03-18 16:54:26 UTC,2012-03-18 16:54:26 UTC
333,75,70,packaged,2012-03-13 05:54:26 UTC,2012-03-13 05:54:26 UTC
334,18,70,returned,2012-03-18 06:54:26 UTC,2012-03-18 06:54:26 UTC
335,41,70,returned,2012-03-14 15:54:26 UTC,2012-03-14 15:54:26 UTC
336,49,71,returned,2012-03-10 21:54:26 UTC,2012-03-10 21:54:26 UTC
337,53,71,packaged,2012-03-13 14:54:26 UTC,2012-03-13 14:54:26 UTC
338,89,71,packaged,2012-03-08 02:54:26 UTC,2012-03-08 02:54:26 UTC
339,61,71,shipped,2012-03-17 08:54:26 UTC,2012-03-17 08:54:26 UTC
340,88,71,shipped,2012-03-14 03:54:26 UTC,2012-03-14 03:54:26 UTC
341,12,71,returned,2012-03-08 05:54:26 UTC,2012-03-08 05:54:26 UTC
342,73,72,returned,2012-03-17 10:54:26 UTC,2012-03-17 10:54:26 UTC
343,4,72,shipped,2012-03-09 07:54:26 UTC,2012-03-09 07:54:26 UTC
344,36,72,packaged,2012-03-13 19:54:26 UTC,2012-03-13 19:54:26 UTC
345,40,72,returned,2012-03-21 01:54:26 UTC,2012-03-21 01:54:26 UTC
346,1,73,packaged,2012-03-09 16:54:26 UTC,2012-03-09 16:54:26 UTC
347,20,73,returned,2012-03-14 15:54:26 UTC,2012-03-14 15:54:26 UTC
348,67,73,packaged,2012-03-12 05:54:26 UTC,2012-03-12 05:54:26 UTC
349,83,74,shipped,2012-03-19 21:54:26 UTC,2012-03-19 21:54:26 UTC
350,7,74,shipped,2012-03-09 21:54:26 UTC,2012-03-09 21:54:26 UTC
351,100,74,packaged,2012-03-24 22:54:26 UTC,2012-03-24 22:54:26 UTC
352,97,74,packaged,2012-03-13 11:54:26 UTC,2012-03-13 11:54:26 UTC
353,78,74,packaged,2012-03-09 17:54:26 UTC,2012-03-09 17:54:26 UTC
354,36,74,returned,2012-03-06 16:54:27 UTC,2012-03-06 16:54:27 UTC
355,81,74,packaged,2012-03-17 13:54:27 UTC,2012-03-17 13:54:27 UTC
356,8,74,packaged,2012-03-14 16:54:27 UTC,2012-03-14 16:54:27 UTC
357,88,74,returned,2012-03-07 07:54:27 UTC,2012-03-07 07:54:27 UTC
358,11,75,packaged,2012-03-06 22:54:27 UTC,2012-03-06 22:54:27 UTC
359,52,75,returned,2012-03-25 21:54:27 UTC,2012-03-25 21:54:27 UTC
360,67,75,returned,2012-03-07 09:54:27 UTC,2012-03-07 09:54:27 UTC
361,62,75,packaged,2012-03-27 04:54:27 UTC,2012-03-27 04:54:27 UTC
362,15,75,returned,2012-03-21 01:54:27 UTC,2012-03-21 01:54:27 UTC
363,79,75,returned,2012-03-20 12:54:27 UTC,2012-03-20 12:54:27 UTC
364,83,75,shipped,2012-03-18 05:54:27 UTC,2012-03-18 05:54:27 UTC
365,42,75,shipped,2012-03-07 21:54:27 UTC,2012-03-07 21:54:27 UTC
366,85,75,returned,2012-03-17 01:54:27 UTC,2012-03-17 01:54:27 UTC
367,70,76,shipped,2012-03-23 21:54:27 UTC,2012-03-23 21:54:27 UTC
368,18,76,returned,2012-03-26 15:54:27 UTC,2012-03-26 15:54:27 UTC
369,88,76,returned,2012-03-27 01:54:27 UTC,2012-03-27 01:54:27 UTC
370,11,76,packaged,2012-03-11 16:54:27 UTC,2012-03-11 16:54:27 UTC
371,4,76,returned,2012-03-12 04:54:27 UTC,2012-03-12 04:54:27 UTC
372,88,76,returned,2012-03-08 15:54:27 UTC,2012-03-08 15:54:27 UTC
373,7,76,shipped,2012-03-08 10:54:27 UTC,2012-03-08 10:54:27 UTC
374,57,77,shipped,2012-03-24 07:54:27 UTC,2012-03-24 07:54:27 UTC
375,7,77,returned,2012-03-22 06:54:28 UTC,2012-03-22 06:54:28 UTC
376,90,77,shipped,2012-03-15 07:54:28 UTC,2012-03-15 07:54:28 UTC
377,68,77,shipped,2012-03-16 23:54:28 UTC,2012-03-16 23:54:28 UTC
378,52,77,shipped,2012-03-18 03:54:28 UTC,2012-03-18 03:54:28 UTC
379,89,77,packaged,2012-03-09 08:54:28 UTC,2012-03-09 08:54:28 UTC
380,13,77,returned,2012-03-19 15:54:28 UTC,2012-03-19 15:54:28 UTC
381,24,77,packaged,2012-03-08 23:54:28 UTC,2012-03-08 23:54:28 UTC
382,28,77,shipped,2012-03-22 13:54:28 UTC,2012-03-22 13:54:28 UTC
383,60,77,shipped,2012-03-06 15:54:28 UTC,2012-03-06 15:54:28 UTC
384,5,78,shipped,2012-03-19 13:54:28 UTC,2012-03-19 13:54:28 UTC
385,5,78,packaged,2012-03-16 22:54:28 UTC,2012-03-16 22:54:28 UTC
386,44,78,packaged,2012-03-09 16:54:28 UTC,2012-03-09 16:54:28 UTC
387,66,79,packaged,2012-03-26 16:54:28 UTC,2012-03-26 16:54:28 UTC
388,38,79,packaged,2012-03-25 12:54:28 UTC,2012-03-25 12:54:28 UTC
389,40,79,shipped,2012-03-07 23:54:28 UTC,2012-03-07 23:54:28 UTC
390,29,79,returned,2012-03-27 13:54:28 UTC,2012-03-27 13:54:28 UTC
391,78,79,returned,2012-03-19 22:54:28 UTC,2012-03-19 22:54:28 UTC
392,53,80,shipped,2012-03-15 00:54:28 UTC,2012-03-15 00:54:28 UTC
393,49,80,returned,2012-03-17 18:54:28 UTC,2012-03-17 18:54:28 UTC
394,59,80,packaged,2012-03-13 23:54:28 UTC,2012-03-13 23:54:28 UTC
395,14,80,returned,2012-03-19 10:54:29 UTC,2012-03-19 10:54:29 UTC
396,44,80,returned,2012-03-11 08:54:29 UTC,2012-03-11 08:54:29 UTC
397,6,80,packaged,2012-03-22 14:54:29 UTC,2012-03-22 14:54:29 UTC
398,57,80,returned,2012-03-22 22:54:29 UTC,2012-03-22 22:54:29 UTC
399,32,80,shipped,2012-03-09 23:54:29 UTC,2012-03-09 23:54:29 UTC
400,37,80,packaged,2012-03-24 08:54:29 UTC,2012-03-24 08:54:29 UTC
401,4,82,returned,2012-03-08 03:54:29 UTC,2012-03-08 03:54:29 UTC
402,30,83,shipped,2012-03-14 15:54:29 UTC,2012-03-14 15:54:29 UTC
403,36,83,packaged,2012-03-26 02:54:29 UTC,2012-03-26 02:54:29 UTC
404,51,84,packaged,2012-03-07 06:54:29 UTC,2012-03-07 06:54:29 UTC
405,42,84,returned,2012-03-14 01:54:29 UTC,2012-03-14 01:54:29 UTC
406,77,84,packaged,2012-03-14 11:54:29 UTC,2012-03-14 11:54:29 UTC
407,10,84,packaged,2012-03-27 11:54:29 UTC,2012-03-27 11:54:29 UTC
408,79,84,packaged,2012-03-13 11:54:29 UTC,2012-03-13 11:54:29 UTC
409,3,84,packaged,2012-03-19 00:54:29 UTC,2012-03-19 00:54:29 UTC
410,52,86,shipped,2012-03-12 12:54:30 UTC,2012-03-12 12:54:30 UTC
411,39,86,packaged,2012-03-20 21:54:30 UTC,2012-03-20 21:54:30 UTC
412,62,86,shipped,2012-03-06 15:54:30 UTC,2012-03-06 15:54:30 UTC
413,71,86,returned,2012-03-07 19:54:30 UTC,2012-03-07 19:54:30 UTC
414,82,86,packaged,2012-03-09 03:54:30 UTC,2012-03-09 03:54:30 UTC
415,6,86,shipped,2012-03-13 22:54:30 UTC,2012-03-13 22:54:30 UTC
416,91,86,returned,2012-03-16 20:54:30 UTC,2012-03-16 20:54:30 UTC
417,36,86,shipped,2012-03-23 14:54:30 UTC,2012-03-23 14:54:30 UTC
418,1,87,shipped,2012-03-11 17:54:30 UTC,2012-03-11 17:54:30 UTC
419,27,87,packaged,2012-03-16 07:54:30 UTC,2012-03-16 07:54:30 UTC
420,89,87,returned,2012-03-16 06:54:30 UTC,2012-03-16 06:54:30 UTC
421,27,87,shipped,2012-03-27 09:54:30 UTC,2012-03-27 09:54:30 UTC
422,89,87,packaged,2012-03-09 09:54:30 UTC,2012-03-09 09:54:30 UTC
423,51,87,packaged,2012-03-11 12:54:30 UTC,2012-03-11 12:54:30 UTC
424,89,87,shipped,2012-03-19 02:54:30 UTC,2012-03-19 02:54:30 UTC
425,57,88,shipped,2012-03-21 21:54:30 UTC,2012-03-21 21:54:30 UTC
426,69,88,packaged,2012-03-18 08:54:30 UTC,2012-03-18 08:54:30 UTC
427,27,88,shipped,2012-03-12 11:54:30 UTC,2012-03-12 11:54:30 UTC
428,16,88,shipped,2012-03-13 05:54:30 UTC,2012-03-13 05:54:30 UTC
429,88,88,shipped,2012-03-20 21:54:31 UTC,2012-03-20 21:54:31 UTC
430,56,88,shipped,2012-03-10 00:54:31 UTC,2012-03-10 00:54:31 UTC
431,12,88,packaged,2012-03-12 18:54:31 UTC,2012-03-12 18:54:31 UTC
432,58,88,packaged,2012-03-20 20:54:31 UTC,2012-03-20 20:54:31 UTC
433,28,89,packaged,2012-03-24 17:54:31 UTC,2012-03-24 17:54:31 UTC
434,84,89,shipped,2012-03-07 04:54:31 UTC,2012-03-07 04:54:31 UTC
435,62,89,shipped,2012-03-07 17:54:31 UTC,2012-03-07 17:54:31 UTC
436,66,89,returned,2012-03-22 11:54:31 UTC,2012-03-22 11:54:31 UTC
437,40,89,returned,2012-03-15 17:54:31 UTC,2012-03-15 17:54:31 UTC
438,22,90,packaged,2012-03-13 07:54:31 UTC,2012-03-13 07:54:31 UTC
439,63,90,shipped,2012-03-24 01:54:31 UTC,2012-03-24 01:54:31 UTC
440,31,91,shipped,2012-03-26 17:54:31 UTC,2012-03-26 17:54:31 UTC
441,59,91,returned,2012-03-06 16:54:31 UTC,2012-03-06 16:54:31 UTC
442,79,91,shipped,2012-03-23 11:54:31 UTC,2012-03-23 11:54:31 UTC
443,13,91,packaged,2012-03-11 13:54:31 UTC,2012-03-11 13:54:31 UTC
444,37,92,shipped,2012-03-21 05:54:31 UTC,2012-03-21 05:54:31 UTC
445,22,92,shipped,2012-03-22 08:54:31 UTC,2012-03-22 08:54:31 UTC
446,69,92,packaged,2012-03-23 10:54:31 UTC,2012-03-23 10:54:31 UTC
447,53,92,packaged,2012-03-20 04:54:31 UTC,2012-03-20 04:54:31 UTC
448,62,92,packaged,2012-03-22 04:54:31 UTC,2012-03-22 04:54:31 UTC
449,97,92,returned,2012-03-10 18:54:31 UTC,2012-03-10 18:54:31 UTC
450,9,92,returned,2012-03-23 07:54:32 UTC,2012-03-23 07:54:32 UTC
451,26,92,returned,2012-03-13 16:54:32 UTC,2012-03-13 16:54:32 UTC
452,52,92,shipped,2012-03-21 12:54:32 UTC,2012-03-21 12:54:32 UTC
453,89,92,returned,2012-03-18 23:54:32 UTC,2012-03-18 23:54:32 UTC
454,53,93,shipped,2012-03-20 12:54:32 UTC,2012-03-20 12:54:32 UTC
455,60,93,packaged,2012-03-26 07:54:32 UTC,2012-03-26 07:54:32 UTC
456,73,93,returned,2012-03-18 22:54:32 UTC,2012-03-18 22:54:32 UTC
457,74,93,shipped,2012-03-07 13:54:32 UTC,2012-03-07 13:54:32 UTC
458,95,94,shipped,2012-03-22 02:54:32 UTC,2012-03-22 02:54:32 UTC
459,61,94,packaged,2012-03-19 06:54:32 UTC,2012-03-19 06:54:32 UTC
460,68,94,packaged,2012-03-07 02:54:32 UTC,2012-03-07 02:54:32 UTC
461,52,94,returned,2012-03-19 05:54:32 UTC,2012-03-19 05:54:32 UTC
462,62,94,returned,2012-03-08 18:54:32 UTC,2012-03-08 18:54:32 UTC
463,30,94,shipped,2012-03-18 21:54:32 UTC,2012-03-18 21:54:32 UTC
464,26,94,shipped,2012-03-14 03:54:32 UTC,2012-03-14 03:54:32 UTC
465,41,94,returned,2012-03-21 17:54:32 UTC,2012-03-21 17:54:32 UTC
466,6,95,returned,2012-03-25 16:54:32 UTC,2012-03-25 16:54:32 UTC
467,32,95,packaged,2012-03-20 16:54:32 UTC,2012-03-20 16:54:32 UTC
468,45,96,shipped,2012-03-10 11:54:32 UTC,2012-03-10 11:54:32 UTC
469,69,96,returned,2012-03-26 03:54:32 UTC,2012-03-26 03:54:32 UTC
470,5,96,packaged,2012-03-23 20:54:32 UTC,2012-03-23 20:54:32 UTC
471,83,97,returned,2012-03-09 11:54:32 UTC,2012-03-09 11:54:32 UTC
472,44,97,packaged,2012-03-24 11:54:33 UTC,2012-03-24 11:54:33 UTC
473,85,98,packaged,2012-03-13 07:54:33 UTC,2012-03-13 07:54:33 UTC
474,4,98,packaged,2012-03-15 16:54:33 UTC,2012-03-15 16:54:33 UTC
475,78,99,packaged,2012-03-07 14:54:33 UTC,2012-03-07 14:54:33 UTC
476,23,99,packaged,2012-03-11 04:54:33 UTC,2012-03-11 04:54:33 UTC
477,15,99,shipped,2012-03-26 03:54:33 UTC,2012-03-26 03:54:33 UTC
478,57,99,shipped,2012-03-25 09:54:33 UTC,2012-03-25 09:54:33 UTC
479,68,99,returned,2012-03-26 13:54:33 UTC,2012-03-26 13:54:33 UTC
480,3,99,packaged,2012-03-19 04:54:33 UTC,2012-03-19 04:54:33 UTC
481,39,101,returned,2012-03-25 18:54:33 UTC,2012-03-25 18:54:33 UTC
482,33,102,returned,2012-03-26 22:54:33 UTC,2012-03-26 22:54:33 UTC
483,35,102,shipped,2012-03-10 08:54:33 UTC,2012-03-10 08:54:33 UTC
484,1,103,shipped,2012-03-10 16:54:33 UTC,2012-03-10 16:54:33 UTC
485,28,103,shipped,2012-03-23 10:54:33 UTC,2012-03-23 10:54:33 UTC
486,47,103,shipped,2012-03-07 00:54:33 UTC,2012-03-07 00:54:33 UTC
487,86,103,returned,2012-03-12 10:54:33 UTC,2012-03-12 10:54:33 UTC
488,82,103,packaged,2012-03-23 19:54:33 UTC,2012-03-23 19:54:33 UTC
489,88,103,shipped,2012-03-19 12:54:33 UTC,2012-03-19 12:54:33 UTC
490,1,104,returned,2012-03-08 10:54:33 UTC,2012-03-08 10:54:33 UTC
491,72,104,returned,2012-03-09 11:54:33 UTC,2012-03-09 11:54:33 UTC
492,9,104,returned,2012-03-18 22:54:33 UTC,2012-03-18 22:54:33 UTC
493,12,104,returned,2012-03-18 04:54:34 UTC,2012-03-18 04:54:34 UTC
494,46,104,packaged,2012-03-18 03:54:34 UTC,2012-03-18 03:54:34 UTC
495,85,104,shipped,2012-03-11 01:54:34 UTC,2012-03-11 01:54:34 UTC
496,30,105,shipped,2012-03-18 06:54:34 UTC,2012-03-18 06:54:34 UTC
497,90,105,shipped,2012-03-11 11:54:34 UTC,2012-03-11 11:54:34 UTC
498,92,105,returned,2012-03-13 09:54:34 UTC,2012-03-13 09:54:34 UTC
499,23,105,returned,2012-03-10 00:54:34 UTC,2012-03-10 00:54:34 UTC
500,30,105,returned,2012-03-23 16:54:34 UTC,2012-03-23 16:54:34 UTC
501,53,105,shipped,2012-03-19 13:54:34 UTC,2012-03-19 13:54:34 UTC
502,42,105,shipped,2012-03-16 21:54:34 UTC,2012-03-16 21:54:34 UTC
503,20,105,returned,2012-03-21 15:54:34 UTC,2012-03-21 15:54:34 UTC
504,68,107,shipped,2012-03-11 18:54:34 UTC,2012-03-11 18:54:34 UTC
505,39,107,returned,2012-03-14 06:54:34 UTC,2012-03-14 06:54:34 UTC
506,80,107,returned,2012-03-25 15:54:34 UTC,2012-03-25 15:54:34 UTC
507,33,107,packaged,2012-03-25 06:54:34 UTC,2012-03-25 06:54:34 UTC
508,77,107,returned,2012-03-11 05:54:34 UTC,2012-03-11 05:54:34 UTC
509,74,107,returned,2012-03-20 18:54:34 UTC,2012-03-20 18:54:34 UTC
510,41,107,packaged,2012-03-25 19:54:34 UTC,2012-03-25 19:54:34 UTC
511,14,107,shipped,2012-03-24 12:54:34 UTC,2012-03-24 12:54:34 UTC
512,28,107,returned,2012-03-14 23:54:34 UTC,2012-03-14 23:54:34 UTC
513,45,107,shipped,2012-03-19 01:54:35 UTC,2012-03-19 01:54:35 UTC
514,35,108,returned,2012-03-12 08:54:35 UTC,2012-03-12 08:54:35 UTC
515,25,108,returned,2012-03-21 18:54:35 UTC,2012-03-21 18:54:35 UTC
516,42,108,shipped,2012-03-09 03:54:35 UTC,2012-03-09 03:54:35 UTC
517,24,108,shipped,2012-03-24 06:54:35 UTC,2012-03-24 06:54:35 UTC
518,60,108,packaged,2012-03-07 01:54:35 UTC,2012-03-07 01:54:35 UTC
519,97,108,shipped,2012-03-17 16:54:35 UTC,2012-03-17 16:54:35 UTC
520,61,108,shipped,2012-03-07 09:54:35 UTC,2012-03-07 09:54:35 UTC
521,86,108,shipped,2012-03-23 22:54:35 UTC,2012-03-23 22:54:35 UTC
522,2,108,shipped,2012-03-19 05:54:35 UTC,2012-03-19 05:54:35 UTC
523,17,109,packaged,2012-03-12 16:54:35 UTC,2012-03-12 16:54:35 UTC
524,43,109,packaged,2012-03-10 22:54:35 UTC,2012-03-10 22:54:35 UTC
525,36,109,shipped,2012-03-12 19:54:35 UTC,2012-03-12 19:54:35 UTC
526,20,109,shipped,2012-03-15 05:54:35 UTC,2012-03-15 05:54:35 UTC
527,61,109,shipped,2012-03-11 20:54:35 UTC,2012-03-11 20:54:35 UTC
528,95,110,packaged,2012-03-19 15:54:35 UTC,2012-03-19 15:54:35 UTC
529,79,110,packaged,2012-03-07 04:54:35 UTC,2012-03-07 04:54:35 UTC
530,11,110,returned,2012-03-16 22:54:35 UTC,2012-03-16 22:54:35 UTC
531,46,110,shipped,2012-03-11 00:54:35 UTC,2012-03-11 00:54:35 UTC
532,30,110,packaged,2012-03-11 14:54:35 UTC,2012-03-11 14:54:35 UTC
533,90,110,packaged,2012-03-19 03:54:35 UTC,2012-03-19 03:54:35 UTC
534,5,110,shipped,2012-03-21 07:54:35 UTC,2012-03-21 07:54:35 UTC
535,82,110,packaged,2012-03-23 13:54:35 UTC,2012-03-23 13:54:35 UTC
536,58,110,shipped,2012-03-25 22:54:35 UTC,2012-03-25 22:54:35 UTC
537,84,111,returned,2012-03-16 02:54:35 UTC,2012-03-16 02:54:35 UTC
538,8,111,packaged,2012-03-20 07:54:35 UTC,2012-03-20 07:54:35 UTC
539,31,111,packaged,2012-03-11 11:54:36 UTC,2012-03-11 11:54:36 UTC
540,86,111,packaged,2012-03-23 10:54:36 UTC,2012-03-23 10:54:36 UTC
541,95,112,returned,2012-03-06 15:54:36 UTC,2012-03-06 15:54:36 UTC
542,85,112,packaged,2012-03-17 04:54:36 UTC,2012-03-17 04:54:36 UTC
543,25,112,packaged,2012-03-16 10:54:36 UTC,2012-03-16 10:54:36 UTC
544,3,112,shipped,2012-03-22 10:54:36 UTC,2012-03-22 10:54:36 UTC
545,40,112,shipped,2012-03-19 15:54:36 UTC,2012-03-19 15:54:36 UTC
546,14,112,packaged,2012-03-14 13:54:36 UTC,2012-03-14 13:54:36 UTC
547,31,112,returned,2012-03-24 23:54:36 UTC,2012-03-24 23:54:36 UTC
548,89,112,shipped,2012-03-26 12:54:36 UTC,2012-03-26 12:54:36 UTC
549,29,112,packaged,2012-03-14 12:54:36 UTC,2012-03-14 12:54:36 UTC
550,97,112,packaged,2012-03-21 07:54:36 UTC,2012-03-21 07:54:36 UTC
551,69,113,shipped,2012-03-26 14:54:36 UTC,2012-03-26 14:54:36 UTC
552,30,113,packaged,2012-03-11 04:54:36 UTC,2012-03-11 04:54:36 UTC
553,90,114,packaged,2012-03-11 01:54:36 UTC,2012-03-11 01:54:36 UTC
554,91,114,shipped,2012-03-07 03:54:36 UTC,2012-03-07 03:54:36 UTC
555,89,114,returned,2012-03-07 16:54:36 UTC,2012-03-07 16:54:36 UTC
556,5,114,packaged,2012-03-15 02:54:36 UTC,2012-03-15 02:54:36 UTC
557,33,114,shipped,2012-03-19 03:54:36 UTC,2012-03-19 03:54:36 UTC
558,98,114,packaged,2012-03-24 10:54:36 UTC,2012-03-24 10:54:36 UTC
559,49,115,returned,2012-03-10 04:54:36 UTC,2012-03-10 04:54:36 UTC
560,91,115,returned,2012-03-22 22:54:36 UTC,2012-03-22 22:54:36 UTC
561,26,115,shipped,2012-03-11 22:54:36 UTC,2012-03-11 22:54:36 UTC
562,38,115,packaged,2012-03-24 03:54:36 UTC,2012-03-24 03:54:36 UTC
563,71,116,returned,2012-03-26 11:54:37 UTC,2012-03-26 11:54:37 UTC
564,29,116,shipped,2012-03-19 13:54:37 UTC,2012-03-19 13:54:37 UTC
565,67,116,packaged,2012-03-07 07:54:37 UTC,2012-03-07 07:54:37 UTC
566,78,116,packaged,2012-03-09 00:54:37 UTC,2012-03-09 00:54:37 UTC
567,79,116,packaged,2012-03-08 18:54:37 UTC,2012-03-08 18:54:37 UTC
568,2,117,shipped,2012-03-08 09:54:37 UTC,2012-03-08 09:54:37 UTC
569,87,117,packaged,2012-03-18 11:54:37 UTC,2012-03-18 11:54:37 UTC
570,22,117,shipped,2012-03-16 20:54:37 UTC,2012-03-16 20:54:37 UTC
571,56,117,shipped,2012-03-18 07:54:37 UTC,2012-03-18 07:54:37 UTC
572,95,117,returned,2012-03-26 11:54:37 UTC,2012-03-26 11:54:37 UTC
573,84,117,returned,2012-03-19 18:54:37 UTC,2012-03-19 18:54:37 UTC
574,73,117,returned,2012-03-25 05:54:37 UTC,2012-03-25 05:54:37 UTC
575,60,117,returned,2012-03-12 21:54:37 UTC,2012-03-12 21:54:37 UTC
576,53,117,returned,2012-03-18 06:54:37 UTC,2012-03-18 06:54:37 UTC
577,9,118,returned,2012-03-22 14:54:37 UTC,2012-03-22 14:54:37 UTC
578,33,118,returned,2012-03-27 05:54:37 UTC,2012-03-27 05:54:37 UTC
579,11,118,shipped,2012-03-23 13:54:37 UTC,2012-03-23 13:54:37 UTC
580,28,118,shipped,2012-03-23 22:54:37 UTC,2012-03-23 22:54:37 UTC
581,4,118,packaged,2012-03-09 16:54:37 UTC,2012-03-09 16:54:37 UTC
582,80,118,returned,2012-03-20 07:54:37 UTC,2012-03-20 07:54:37 UTC
583,80,118,packaged,2012-03-21 20:54:38 UTC,2012-03-21 20:54:38 UTC
584,99,118,shipped,2012-03-24 02:54:38 UTC,2012-03-24 02:54:38 UTC
585,14,118,packaged,2012-03-25 01:54:38 UTC,2012-03-25 01:54:38 UTC
586,17,118,packaged,2012-03-21 08:54:38 UTC,2012-03-21 08:54:38 UTC
587,8,119,shipped,2012-03-18 04:54:38 UTC,2012-03-18 04:54:38 UTC
588,22,119,returned,2012-03-18 09:54:38 UTC,2012-03-18 09:54:38 UTC
589,79,119,returned,2012-03-25 17:54:38 UTC,2012-03-25 17:54:38 UTC
590,48,119,shipped,2012-03-18 19:54:38 UTC,2012-03-18 19:54:38 UTC
591,61,119,packaged,2012-03-07 01:54:38 UTC,2012-03-07 01:54:38 UTC
592,15,119,returned,2012-03-26 08:54:38 UTC,2012-03-26 08:54:38 UTC
593,1,119,returned,2012-03-17 12:54:38 UTC,2012-03-17 12:54:38 UTC
594,45,119,packaged,2012-03-17 08:54:38 UTC,2012-03-17 08:54:38 UTC
595,49,119,shipped,2012-03-09 17:54:38 UTC,2012-03-09 17:54:38 UTC
596,45,120,returned,2012-03-11 20:54:38 UTC,2012-03-11 20:54:38 UTC
597,73,122,packaged,2012-03-25 03:54:38 UTC,2012-03-25 03:54:38 UTC
598,60,122,returned,2012-03-27 04:54:38 UTC,2012-03-27 04:54:38 UTC
599,32,122,returned,2012-03-09 23:54:38 UTC,2012-03-09 23:54:38 UTC
600,30,122,shipped,2012-03-23 04:54:38 UTC,2012-03-23 04:54:38 UTC
601,84,123,returned,2012-03-27 07:54:38 UTC,2012-03-27 07:54:38 UTC
602,53,123,shipped,2012-03-10 12:54:39 UTC,2012-03-10 12:54:39 UTC
603,73,123,packaged,2012-03-16 01:54:39 UTC,2012-03-16 01:54:39 UTC
604,66,123,shipped,2012-03-25 05:54:39 UTC,2012-03-25 05:54:39 UTC
605,81,123,shipped,2012-03-12 19:54:39 UTC,2012-03-12 19:54:39 UTC
606,22,123,returned,2012-03-22 07:54:39 UTC,2012-03-22 07:54:39 UTC
607,59,124,returned,2012-03-07 10:54:39 UTC,2012-03-07 10:54:39 UTC
608,1,124,shipped,2012-03-27 06:54:39 UTC,2012-03-27 06:54:39 UTC
609,74,125,returned,2012-03-16 21:54:39 UTC,2012-03-16 21:54:39 UTC
610,20,125,packaged,2012-03-24 22:54:39 UTC,2012-03-24 22:54:39 UTC
611,53,125,packaged,2012-03-27 01:54:39 UTC,2012-03-27 01:54:39 UTC
612,100,125,returned,2012-03-23 22:54:39 UTC,2012-03-23 22:54:39 UTC
613,57,126,shipped,2012-03-15 21:54:39 UTC,2012-03-15 21:54:39 UTC
614,74,126,packaged,2012-03-10 02:54:39 UTC,2012-03-10 02:54:39 UTC
615,9,126,packaged,2012-03-16 18:54:39 UTC,2012-03-16 18:54:39 UTC
616,75,126,shipped,2012-03-12 02:54:39 UTC,2012-03-12 02:54:39 UTC
617,71,126,packaged,2012-03-24 23:54:39 UTC,2012-03-24 23:54:39 UTC
618,5,126,shipped,2012-03-10 07:54:39 UTC,2012-03-10 07:54:39 UTC
619,2,126,shipped,2012-03-27 11:54:39 UTC,2012-03-27 11:54:39 UTC
620,11,126,shipped,2012-03-26 13:54:39 UTC,2012-03-26 13:54:39 UTC
621,91,126,returned,2012-03-13 20:54:39 UTC,2012-03-13 20:54:39 UTC
622,49,127,returned,2012-03-06 14:54:39 UTC,2012-03-06 14:54:39 UTC
623,23,127,shipped,2012-03-26 18:54:40 UTC,2012-03-26 18:54:40 UTC
624,44,127,packaged,2012-03-26 06:54:40 UTC,2012-03-26 06:54:40 UTC
625,94,127,returned,2012-03-21 07:54:40 UTC,2012-03-21 07:54:40 UTC
626,75,127,shipped,2012-03-16 03:54:40 UTC,2012-03-16 03:54:40 UTC
627,52,127,returned,2012-03-23 05:54:40 UTC,2012-03-23 05:54:40 UTC
628,25,127,packaged,2012-03-10 08:54:40 UTC,2012-03-10 08:54:40 UTC
629,72,127,shipped,2012-03-20 07:54:40 UTC,2012-03-20 07:54:40 UTC
630,81,127,packaged,2012-03-25 21:54:40 UTC,2012-03-25 21:54:40 UTC
631,11,127,shipped,2012-03-13 16:54:40 UTC,2012-03-13 16:54:40 UTC
632,80,128,packaged,2012-03-25 00:54:40 UTC,2012-03-25 00:54:40 UTC
633,35,128,returned,2012-03-10 20:54:40 UTC,2012-03-10 20:54:40 UTC
634,40,128,packaged,2012-03-10 02:54:40 UTC,2012-03-10 02:54:40 UTC
635,95,128,returned,2012-03-19 04:54:40 UTC,2012-03-19 04:54:40 UTC
636,48,128,packaged,2012-03-14 19:54:40 UTC,2012-03-14 19:54:40 UTC
637,95,128,packaged,2012-03-18 21:54:40 UTC,2012-03-18 21:54:40 UTC
638,24,128,shipped,2012-03-10 00:54:40 UTC,2012-03-10 00:54:40 UTC
639,48,130,shipped,2012-03-15 02:54:40 UTC,2012-03-15 02:54:40 UTC
640,22,130,shipped,2012-03-22 02:54:40 UTC,2012-03-22 02:54:40 UTC
641,5,130,returned,2012-03-15 08:54:40 UTC,2012-03-15 08:54:40 UTC
642,14,130,packaged,2012-03-26 22:54:40 UTC,2012-03-26 22:54:40 UTC
643,19,130,packaged,2012-03-09 05:54:40 UTC,2012-03-09 05:54:40 UTC
644,95,130,returned,2012-03-25 05:54:40 UTC,2012-03-25 05:54:40 UTC
645,13,130,packaged,2012-03-07 01:54:40 UTC,2012-03-07 01:54:40 UTC
646,78,130,returned,2012-03-09 02:54:40 UTC,2012-03-09 02:54:40 UTC
647,69,131,shipped,2012-03-14 09:54:40 UTC,2012-03-14 09:54:40 UTC
648,78,131,returned,2012-03-15 00:54:40 UTC,2012-03-15 00:54:40 UTC
649,50,131,packaged,2012-03-17 02:54:40 UTC,2012-03-17 02:54:40 UTC
650,59,131,returned,2012-03-18 03:54:41 UTC,2012-03-18 03:54:41 UTC
651,48,131,packaged,2012-03-12 23:54:41 UTC,2012-03-12 23:54:41 UTC
652,12,132,shipped,2012-03-25 06:54:41 UTC,2012-03-25 06:54:41 UTC
653,95,132,packaged,2012-03-25 17:54:41 UTC,2012-03-25 17:54:41 UTC
654,81,132,shipped,2012-03-19 09:54:41 UTC,2012-03-19 09:54:41 UTC
655,6,132,packaged,2012-03-27 12:54:41 UTC,2012-03-27 12:54:41 UTC
656,100,132,packaged,2012-03-15 04:54:41 UTC,2012-03-15 04:54:41 UTC
657,28,132,shipped,2012-03-19 05:54:41 UTC,2012-03-19 05:54:41 UTC
658,8,132,packaged,2012-03-13 20:54:41 UTC,2012-03-13 20:54:41 UTC
659,94,133,returned,2012-03-17 02:54:41 UTC,2012-03-17 02:54:41 UTC
660,58,133,shipped,2012-03-13 00:54:41 UTC,2012-03-13 00:54:41 UTC
661,84,133,returned,2012-03-22 18:54:41 UTC,2012-03-22 18:54:41 UTC
662,97,133,packaged,2012-03-19 16:54:41 UTC,2012-03-19 16:54:41 UTC
663,45,133,returned,2012-03-25 07:54:41 UTC,2012-03-25 07:54:41 UTC
664,81,133,packaged,2012-03-08 09:54:41 UTC,2012-03-08 09:54:41 UTC
665,49,133,returned,2012-03-19 11:54:41 UTC,2012-03-19 11:54:41 UTC
666,31,133,packaged,2012-03-20 00:54:41 UTC,2012-03-20 00:54:41 UTC
667,4,134,shipped,2012-03-19 01:54:41 UTC,2012-03-19 01:54:41 UTC
668,73,134,returned,2012-03-18 22:54:41 UTC,2012-03-18 22:54:41 UTC
669,13,134,shipped,2012-03-23 00:54:41 UTC,2012-03-23 00:54:41 UTC
670,11,134,returned,2012-03-13 22:54:41 UTC,2012-03-13 22:54:41 UTC
671,98,134,returned,2012-03-24 15:54:41 UTC,2012-03-24 15:54:41 UTC
672,21,134,packaged,2012-03-10 04:54:41 UTC,2012-03-10 04:54:41 UTC
673,39,134,shipped,2012-03-08 18:54:42 UTC,2012-03-08 18:54:42 UTC
674,18,134,returned,2012-03-19 19:54:42 UTC,2012-03-19 19:54:42 UTC
675,49,135,shipped,2012-03-23 12:54:42 UTC,2012-03-23 12:54:42 UTC
676,33,135,shipped,2012-03-12 20:54:42 UTC,2012-03-12 20:54:42 UTC
677,27,135,packaged,2012-03-12 05:54:42 UTC,2012-03-12 05:54:42 UTC
678,79,136,packaged,2012-03-27 08:54:42 UTC,2012-03-27 08:54:42 UTC
679,90,137,shipped,2012-03-09 18:54:42 UTC,2012-03-09 18:54:42 UTC
680,51,137,packaged,2012-03-19 19:54:42 UTC,2012-03-19 19:54:42 UTC
681,96,137,shipped,2012-03-19 08:54:42 UTC,2012-03-19 08:54:42 UTC
682,31,137,returned,2012-03-23 20:54:42 UTC,2012-03-23 20:54:42 UTC
683,24,137,shipped,2012-03-11 01:54:42 UTC,2012-03-11 01:54:42 UTC
684,26,137,shipped,2012-03-21 03:54:42 UTC,2012-03-21 03:54:42 UTC
685,32,137,returned,2012-03-09 12:54:42 UTC,2012-03-09 12:54:42 UTC
686,75,137,packaged,2012-03-13 21:54:42 UTC,2012-03-13 21:54:42 UTC
687,25,137,shipped,2012-03-23 08:54:42 UTC,2012-03-23 08:54:42 UTC
688,11,137,packaged,2012-03-12 22:54:42 UTC,2012-03-12 22:54:42 UTC
689,74,138,packaged,2012-03-07 06:54:42 UTC,2012-03-07 06:54:42 UTC
690,56,138,returned,2012-03-18 11:54:42 UTC,2012-03-18 11:54:42 UTC
691,39,139,returned,2012-03-17 14:54:42 UTC,2012-03-17 14:54:42 UTC
692,67,139,returned,2012-03-19 21:54:42 UTC,2012-03-19 21:54:42 UTC
693,86,139,returned,2012-03-16 03:54:42 UTC,2012-03-16 03:54:42 UTC
694,92,139,shipped,2012-03-22 02:54:43 UTC,2012-03-22 02:54:43 UTC
695,6,139,shipped,2012-03-07 01:54:43 UTC,2012-03-07 01:54:43 UTC
696,35,139,returned,2012-03-20 10:54:43 UTC,2012-03-20 10:54:43 UTC
697,66,139,shipped,2012-03-13 12:54:43 UTC,2012-03-13 12:54:43 UTC
698,29,140,shipped,2012-03-09 11:54:43 UTC,2012-03-09 11:54:43 UTC
699,61,140,returned,2012-03-09 06:54:43 UTC,2012-03-09 06:54:43 UTC
700,23,140,packaged,2012-03-22 13:54:43 UTC,2012-03-22 13:54:43 UTC
701,5,140,packaged,2012-03-19 08:54:43 UTC,2012-03-19 08:54:43 UTC
702,11,140,packaged,2012-03-07 10:54:43 UTC,2012-03-07 10:54:43 UTC
703,54,140,packaged,2012-03-27 01:54:43 UTC,2012-03-27 01:54:43 UTC
704,79,140,packaged,2012-03-12 10:54:43 UTC,2012-03-12 10:54:43 UTC
705,80,140,returned,2012-03-10 05:54:43 UTC,2012-03-10 05:54:43 UTC
706,68,140,returned,2012-03-09 00:54:43 UTC,2012-03-09 00:54:43 UTC
707,96,141,packaged,2012-03-21 16:54:43 UTC,2012-03-21 16:54:43 UTC
708,28,141,shipped,2012-03-13 06:54:43 UTC,2012-03-13 06:54:43 UTC
709,78,141,returned,2012-03-06 23:54:43 UTC,2012-03-06 23:54:43 UTC
710,98,141,returned,2012-03-27 09:54:43 UTC,2012-03-27 09:54:43 UTC
711,50,141,shipped,2012-03-10 15:54:43 UTC,2012-03-10 15:54:43 UTC
712,61,141,returned,2012-03-18 01:54:43 UTC,2012-03-18 01:54:43 UTC
713,73,142,returned,2012-03-19 13:54:43 UTC,2012-03-19 13:54:43 UTC
714,100,142,packaged,2012-03-13 17:54:43 UTC,2012-03-13 17:54:43 UTC
715,87,142,shipped,2012-03-10 01:54:43 UTC,2012-03-10 01:54:43 UTC
716,27,142,packaged,2012-03-20 01:54:43 UTC,2012-03-20 01:54:43 UTC
717,6,142,returned,2012-03-10 10:54:43 UTC,2012-03-10 10:54:43 UTC
718,26,142,shipped,2012-03-10 22:54:44 UTC,2012-03-10 22:54:44 UTC
719,25,142,returned,2012-03-23 16:54:44 UTC,2012-03-23 16:54:44 UTC
720,42,142,packaged,2012-03-22 15:54:44 UTC,2012-03-22 15:54:44 UTC
721,97,143,shipped,2012-03-18 12:54:44 UTC,2012-03-18 12:54:44 UTC
722,40,143,packaged,2012-03-20 03:54:44 UTC,2012-03-20 03:54:44 UTC
723,17,143,returned,2012-03-20 16:54:44 UTC,2012-03-20 16:54:44 UTC
724,83,143,shipped,2012-03-16 01:54:44 UTC,2012-03-16 01:54:44 UTC
725,35,143,shipped,2012-03-20 02:54:44 UTC,2012-03-20 02:54:44 UTC
726,61,143,shipped,2012-03-25 20:54:44 UTC,2012-03-25 20:54:44 UTC
727,76,143,packaged,2012-03-23 09:54:44 UTC,2012-03-23 09:54:44 UTC
728,58,143,shipped,2012-03-25 22:54:44 UTC,2012-03-25 22:54:44 UTC
729,21,143,shipped,2012-03-07 19:54:44 UTC,2012-03-07 19:54:44 UTC
730,25,144,packaged,2012-03-26 10:54:44 UTC,2012-03-26 10:54:44 UTC
731,56,144,returned,2012-03-20 00:54:44 UTC,2012-03-20 00:54:44 UTC
732,86,145,packaged,2012-03-10 16:54:44 UTC,2012-03-10 16:54:44 UTC
733,27,145,packaged,2012-03-14 21:54:44 UTC,2012-03-14 21:54:44 UTC
734,57,145,returned,2012-03-11 13:54:44 UTC,2012-03-11 13:54:44 UTC
735,83,145,returned,2012-03-10 05:54:44 UTC,2012-03-10 05:54:44 UTC
736,9,145,returned,2012-03-17 05:54:44 UTC,2012-03-17 05:54:44 UTC
737,54,145,packaged,2012-03-24 16:54:44 UTC,2012-03-24 16:54:44 UTC
738,28,145,shipped,2012-03-14 12:54:44 UTC,2012-03-14 12:54:44 UTC
739,27,145,returned,2012-03-23 01:54:44 UTC,2012-03-23 01:54:44 UTC
740,46,145,shipped,2012-03-09 00:54:44 UTC,2012-03-09 00:54:44 UTC
741,99,145,returned,2012-03-17 10:54:45 UTC,2012-03-17 10:54:45 UTC
742,64,146,returned,2012-03-20 14:54:45 UTC,2012-03-20 14:54:45 UTC
743,36,146,packaged,2012-03-11 15:54:45 UTC,2012-03-11 15:54:45 UTC
744,25,146,shipped,2012-03-19 22:54:45 UTC,2012-03-19 22:54:45 UTC
745,10,146,packaged,2012-03-06 21:54:45 UTC,2012-03-06 21:54:45 UTC
746,15,146,shipped,2012-03-24 08:54:45 UTC,2012-03-24 08:54:45 UTC
747,79,146,returned,2012-03-09 21:54:45 UTC,2012-03-09 21:54:45 UTC
748,27,146,shipped,2012-03-18 13:54:45 UTC,2012-03-18 13:54:45 UTC
749,26,146,returned,2012-03-24 17:54:45 UTC,2012-03-24 17:54:45 UTC
750,55,146,returned,2012-03-23 23:54:45 UTC,2012-03-23 23:54:45 UTC
751,59,147,packaged,2012-03-25 16:54:45 UTC,2012-03-25 16:54:45 UTC
752,19,147,returned,2012-03-08 20:54:45 UTC,2012-03-08 20:54:45 UTC
753,58,147,packaged,2012-03-12 18:54:45 UTC,2012-03-12 18:54:45 UTC
754,58,147,shipped,2012-03-23 08:54:45 UTC,2012-03-23 08:54:45 UTC
755,41,147,packaged,2012-03-12 12:54:45 UTC,2012-03-12 12:54:45 UTC
756,86,147,shipped,2012-03-17 13:54:45 UTC,2012-03-17 13:54:45 UTC
757,69,147,returned,2012-03-15 01:54:45 UTC,2012-03-15 01:54:45 UTC
758,52,147,shipped,2012-03-22 22:54:45 UTC,2012-03-22 22:54:45 UTC
759,20,148,returned,2012-03-18 15:54:45 UTC,2012-03-18 15:54:45 UTC
760,98,148,packaged,2012-03-17 00:54:45 UTC,2012-03-17 00:54:45 UTC
761,90,148,shipped,2012-03-18 17:54:46 UTC,2012-03-18 17:54:46 UTC
762,53,148,shipped,2012-03-23 20:54:46 UTC,2012-03-23 20:54:46 UTC
763,77,149,returned,2012-03-11 05:54:46 UTC,2012-03-11 05:54:46 UTC
764,59,149,returned,2012-03-14 09:54:46 UTC,2012-03-14 09:54:46 UTC
765,91,149,shipped,2012-03-23 19:54:46 UTC,2012-03-23 19:54:46 UTC
766,56,150,packaged,2012-03-16 07:54:46 UTC,2012-03-16 07:54:46 UTC
767,98,150,shipped,2012-03-21 14:54:46 UTC,2012-03-21 14:54:46 UTC
768,15,150,shipped,2012-03-09 01:54:46 UTC,2012-03-09 01:54:46 UTC
769,8,150,packaged,2012-03-07 10:54:46 UTC,2012-03-07 10:54:46 UTC
770,95,150,shipped,2012-03-25 01:54:46 UTC,2012-03-25 01:54:46 UTC
771,85,151,returned,2012-03-20 20:54:46 UTC,2012-03-20 20:54:46 UTC
772,28,151,packaged,2012-03-18 11:54:46 UTC,2012-03-18 11:54:46 UTC
773,84,151,returned,2012-03-22 18:54:46 UTC,2012-03-22 18:54:46 UTC
774,3,151,packaged,2012-03-18 00:54:46 UTC,2012-03-18 00:54:46 UTC
775,14,151,returned,2012-03-07 10:54:46 UTC,2012-03-07 10:54:46 UTC
776,29,151,packaged,2012-03-23 16:54:46 UTC,2012-03-23 16:54:46 UTC
777,97,153,shipped,2012-03-25 03:54:46 UTC,2012-03-25 03:54:46 UTC
778,71,153,shipped,2012-03-09 06:54:46 UTC,2012-03-09 06:54:46 UTC
779,9,153,packaged,2012-03-15 20:54:46 UTC,2012-03-15 20:54:46 UTC
780,62,153,packaged,2012-03-25 06:54:47 UTC,2012-03-25 06:54:47 UTC
781,88,154,shipped,2012-03-12 22:54:47 UTC,2012-03-12 22:54:47 UTC
782,49,154,packaged,2012-03-22 08:54:47 UTC,2012-03-22 08:54:47 UTC
783,78,154,packaged,2012-03-27 02:54:47 UTC,2012-03-27 02:54:47 UTC
784,87,154,returned,2012-03-26 15:54:47 UTC,2012-03-26 15:54:47 UTC
785,24,154,packaged,2012-03-23 01:54:47 UTC,2012-03-23 01:54:47 UTC
786,45,154,shipped,2012-03-09 05:54:47 UTC,2012-03-09 05:54:47 UTC
787,14,154,shipped,2012-03-19 11:54:47 UTC,2012-03-19 11:54:47 UTC
788,36,155,returned,2012-03-26 02:54:47 UTC,2012-03-26 02:54:47 UTC
789,76,155,returned,2012-03-21 05:54:47 UTC,2012-03-21 05:54:47 UTC
790,32,155,shipped,2012-03-22 18:54:47 UTC,2012-03-22 18:54:47 UTC
791,98,155,returned,2012-03-18 20:54:47 UTC,2012-03-18 20:54:47 UTC
792,69,155,shipped,2012-03-21 10:54:47 UTC,2012-03-21 10:54:47 UTC
793,78,155,packaged,2012-03-26 05:54:47 UTC,2012-03-26 05:54:47 UTC
794,39,155,returned,2012-03-26 18:54:47 UTC,2012-03-26 18:54:47 UTC
795,62,155,shipped,2012-03-13 20:54:47 UTC,2012-03-13 20:54:47 UTC
796,79,155,returned,2012-03-27 03:54:47 UTC,2012-03-27 03:54:47 UTC
797,36,155,shipped,2012-03-08 23:54:47 UTC,2012-03-08 23:54:47 UTC
798,43,156,returned,2012-03-27 05:54:47 UTC,2012-03-27 05:54:47 UTC
799,26,156,packaged,2012-03-27 03:54:47 UTC,2012-03-27 03:54:47 UTC
800,86,156,shipped,2012-03-22 11:54:48 UTC,2012-03-22 11:54:48 UTC
801,13,156,packaged,2012-03-26 01:54:48 UTC,2012-03-26 01:54:48 UTC
802,88,156,returned,2012-03-06 16:54:48 UTC,2012-03-06 16:54:48 UTC
803,70,156,returned,2012-03-17 13:54:48 UTC,2012-03-17 13:54:48 UTC
804,44,156,returned,2012-03-27 07:54:48 UTC,2012-03-27 07:54:48 UTC
805,1,156,shipped,2012-03-20 23:54:48 UTC,2012-03-20 23:54:48 UTC
806,67,156,returned,2012-03-13 10:54:48 UTC,2012-03-13 10:54:48 UTC
807,83,156,shipped,2012-03-13 08:54:48 UTC,2012-03-13 08:54:48 UTC
808,86,157,shipped,2012-03-24 20:54:48 UTC,2012-03-24 20:54:48 UTC
809,89,157,shipped,2012-03-20 06:54:48 UTC,2012-03-20 06:54:48 UTC
810,51,157,packaged,2012-03-15 04:54:48 UTC,2012-03-15 04:54:48 UTC
811,67,157,shipped,2012-03-21 06:54:48 UTC,2012-03-21 06:54:48 UTC
812,55,157,shipped,2012-03-08 15:54:48 UTC,2012-03-08 15:54:48 UTC
813,45,158,packaged,2012-03-14 02:54:48 UTC,2012-03-14 02:54:48 UTC
814,41,158,returned,2012-03-15 22:54:48 UTC,2012-03-15 22:54:48 UTC
815,26,158,returned,2012-03-17 17:54:48 UTC,2012-03-17 17:54:48 UTC
816,49,158,packaged,2012-03-11 11:54:48 UTC,2012-03-11 11:54:48 UTC
817,22,158,shipped,2012-03-08 01:54:48 UTC,2012-03-08 01:54:48 UTC
818,56,158,returned,2012-03-19 11:54:48 UTC,2012-03-19 11:54:48 UTC
819,24,158,returned,2012-03-26 19:54:49 UTC,2012-03-26 19:54:49 UTC
820,40,158,returned,2012-03-08 23:54:49 UTC,2012-03-08 23:54:49 UTC
821,39,158,packaged,2012-03-21 19:54:49 UTC,2012-03-21 19:54:49 UTC
822,76,159,packaged,2012-03-26 09:54:49 UTC,2012-03-26 09:54:49 UTC
823,67,159,shipped,2012-03-25 21:54:49 UTC,2012-03-25 21:54:49 UTC
824,5,159,packaged,2012-03-07 00:54:49 UTC,2012-03-07 00:54:49 UTC
825,14,159,returned,2012-03-16 06:54:49 UTC,2012-03-16 06:54:49 UTC
826,27,160,shipped,2012-03-24 02:54:49 UTC,2012-03-24 02:54:49 UTC
827,61,160,returned,2012-03-10 08:54:49 UTC,2012-03-10 08:54:49 UTC
828,73,160,returned,2012-03-19 19:54:49 UTC,2012-03-19 19:54:49 UTC
829,91,160,shipped,2012-03-21 17:54:49 UTC,2012-03-21 17:54:49 UTC
830,61,160,shipped,2012-03-25 20:54:49 UTC,2012-03-25 20:54:49 UTC
831,50,160,packaged,2012-03-16 04:54:49 UTC,2012-03-16 04:54:49 UTC
832,92,161,packaged,2012-03-07 19:54:49 UTC,2012-03-07 19:54:49 UTC
833,96,161,shipped,2012-03-08 19:54:49 UTC,2012-03-08 19:54:49 UTC
834,65,161,returned,2012-03-15 00:54:49 UTC,2012-03-15 00:54:49 UTC
835,96,161,shipped,2012-03-19 14:54:49 UTC,2012-03-19 14:54:49 UTC
836,54,161,packaged,2012-03-13 17:54:49 UTC,2012-03-13 17:54:49 UTC
837,8,161,packaged,2012-03-23 14:54:49 UTC,2012-03-23 14:54:49 UTC
838,36,162,returned,2012-03-13 01:54:49 UTC,2012-03-13 01:54:49 UTC
839,71,162,returned,2012-03-17 13:54:49 UTC,2012-03-17 13:54:49 UTC
840,11,162,packaged,2012-03-22 16:54:50 UTC,2012-03-22 16:54:50 UTC
841,57,162,shipped,2012-03-27 06:54:50 UTC,2012-03-27 06:54:50 UTC
842,47,162,shipped,2012-03-21 14:54:50 UTC,2012-03-21 14:54:50 UTC
843,29,162,shipped,2012-03-10 14:54:50 UTC,2012-03-10 14:54:50 UTC
844,25,163,returned,2012-03-22 01:54:50 UTC,2012-03-22 01:54:50 UTC
845,62,163,packaged,2012-03-10 04:54:50 UTC,2012-03-10 04:54:50 UTC
846,76,163,returned,2012-03-22 21:54:50 UTC,2012-03-22 21:54:50 UTC
847,27,164,returned,2012-03-21 14:54:50 UTC,2012-03-21 14:54:50 UTC
848,47,164,packaged,2012-03-11 10:54:50 UTC,2012-03-11 10:54:50 UTC
849,89,164,packaged,2012-03-21 23:54:50 UTC,2012-03-21 23:54:50 UTC
850,88,164,shipped,2012-03-17 05:54:50 UTC,2012-03-17 05:54:50 UTC
851,78,164,shipped,2012-03-12 09:54:50 UTC,2012-03-12 09:54:50 UTC
852,79,165,packaged,2012-03-22 21:54:50 UTC,2012-03-22 21:54:50 UTC
853,44,165,packaged,2012-03-19 16:54:50 UTC,2012-03-19 16:54:50 UTC
854,38,165,packaged,2012-03-07 12:54:50 UTC,2012-03-07 12:54:50 UTC
855,51,165,returned,2012-03-27 05:54:50 UTC,2012-03-27 05:54:50 UTC
856,99,165,shipped,2012-03-13 07:54:50 UTC,2012-03-13 07:54:50 UTC
857,64,165,shipped,2012-03-25 05:54:50 UTC,2012-03-25 05:54:50 UTC
858,87,165,shipped,2012-03-17 23:54:50 UTC,2012-03-17 23:54:50 UTC
859,8,165,packaged,2012-03-23 10:54:50 UTC,2012-03-23 10:54:50 UTC
860,57,166,returned,2012-03-17 08:54:50 UTC,2012-03-17 08:54:50 UTC
861,37,166,returned,2012-03-09 11:54:50 UTC,2012-03-09 11:54:50 UTC
862,3,166,returned,2012-03-12 19:54:51 UTC,2012-03-12 19:54:51 UTC
863,5,166,shipped,2012-03-06 22:54:51 UTC,2012-03-06 22:54:51 UTC
864,94,166,returned,2012-03-14 13:54:51 UTC,2012-03-14 13:54:51 UTC
865,8,167,packaged,2012-03-10 01:54:51 UTC,2012-03-10 01:54:51 UTC
866,82,168,packaged,2012-03-19 17:54:51 UTC,2012-03-19 17:54:51 UTC
867,24,168,packaged,2012-03-27 12:54:51 UTC,2012-03-27 12:54:51 UTC
868,45,168,returned,2012-03-11 19:54:51 UTC,2012-03-11 19:54:51 UTC
869,56,168,shipped,2012-03-18 01:54:51 UTC,2012-03-18 01:54:51 UTC
870,81,168,shipped,2012-03-20 12:54:51 UTC,2012-03-20 12:54:51 UTC
871,69,168,packaged,2012-03-27 07:54:51 UTC,2012-03-27 07:54:51 UTC
872,89,168,returned,2012-03-10 17:54:51 UTC,2012-03-10 17:54:51 UTC
873,81,168,packaged,2012-03-25 21:54:51 UTC,2012-03-25 21:54:51 UTC
874,56,168,returned,2012-03-12 20:54:51 UTC,2012-03-12 20:54:51 UTC
875,89,168,shipped,2012-03-23 19:54:51 UTC,2012-03-23 19:54:51 UTC
876,100,169,shipped,2012-03-17 09:54:51 UTC,2012-03-17 09:54:51 UTC
877,9,169,packaged,2012-03-12 19:54:51 UTC,2012-03-12 19:54:51 UTC
878,34,169,shipped,2012-03-21 21:54:51 UTC,2012-03-21 21:54:51 UTC
879,94,170,shipped,2012-03-23 11:54:51 UTC,2012-03-23 11:54:51 UTC
880,39,170,shipped,2012-03-21 22:54:51 UTC,2012-03-21 22:54:51 UTC
881,31,170,packaged,2012-03-19 21:54:51 UTC,2012-03-19 21:54:51 UTC
882,1,170,returned,2012-03-07 03:54:51 UTC,2012-03-07 03:54:51 UTC
883,99,170,shipped,2012-03-23 08:54:51 UTC,2012-03-23 08:54:51 UTC
884,32,170,packaged,2012-03-10 03:54:51 UTC,2012-03-10 03:54:51 UTC
885,91,171,returned,2012-03-11 02:54:52 UTC,2012-03-11 02:54:52 UTC
886,5,171,shipped,2012-03-25 17:54:52 UTC,2012-03-25 17:54:52 UTC
887,67,171,shipped,2012-03-20 06:54:52 UTC,2012-03-20 06:54:52 UTC
888,16,171,returned,2012-03-06 16:54:52 UTC,2012-03-06 16:54:52 UTC
889,92,171,shipped,2012-03-09 03:54:52 UTC,2012-03-09 03:54:52 UTC
890,18,171,packaged,2012-03-16 16:54:52 UTC,2012-03-16 16:54:52 UTC
891,62,172,shipped,2012-03-14 01:54:52 UTC,2012-03-14 01:54:52 UTC
892,28,172,returned,2012-03-24 14:54:52 UTC,2012-03-24 14:54:52 UTC
893,10,172,returned,2012-03-25 06:54:52 UTC,2012-03-25 06:54:52 UTC
894,59,172,shipped,2012-03-11 11:54:52 UTC,2012-03-11 11:54:52 UTC
895,59,172,packaged,2012-03-24 01:54:52 UTC,2012-03-24 01:54:52 UTC
896,14,173,shipped,2012-03-15 12:54:52 UTC,2012-03-15 12:54:52 UTC
897,57,173,returned,2012-03-26 05:54:52 UTC,2012-03-26 05:54:52 UTC
898,74,174,returned,2012-03-08 16:54:52 UTC,2012-03-08 16:54:52 UTC
899,86,174,returned,2012-03-09 19:54:52 UTC,2012-03-09 19:54:52 UTC
900,18,174,packaged,2012-03-09 20:54:52 UTC,2012-03-09 20:54:52 UTC