id,invoice_id,credit_card_number,credit_card_expiration_date,result,created_at,updated_at
1,1,4.65441E+15,04/23,refunded,2012-03-27 14:54:09 UTC,2012-03-27 14:54:09 UTC
2,2,4.58025E+15,04/23,refunded,2012-03-27 14:54:09 UTC,2012-03-27 14:54:09 UTC
3,4,4.3545E+15,04/23,success,2012-03-27 14:54:10 UTC,2012-03-27 14:54:10 UTC
4,5,4.51555E+15,04/23,success,2012-03-27 14:54:10 UTC,2012-03-27 14:54:10 UTC
5,6,4.84452E+15,04/23,refunded,2012-03-27 14:54:10 UTC,2012-03-27 14:54:10 UTC
6,7,4.2037E+15,04/23,success,2012-03-27 14:54:10 UTC,2012-03-27 14:54:10 UTC
7,8,4.80165E+15,04/23,success,2012-03-27 14:54:10 UTC,2012-03-27 14:54:10 UTC
8,9,4.54084E+15,04/23,refunded,2012-03-27 14:54:10 UTC,2012-03-27 14:54:10 UTC
9,10,4.14015E+15,04/23,refunded,2012-03-27 14:54:10 UTC,2012-03-27 14:54:10 UTC
10,11,4.92366E+15,04/23,success,2012-03-27 14:54:10 UTC,2012-03-27 14:54:10 UTC
11,12,4.80075E+15,04/23,failed,2012-03-27 14:54:10 UTC,2012-03-27 14:54:10 UTC
12,12,4.0175E+15,04/23,failed,2012-03-27 14:54:10 UTC,2012-03-27 14:54:10 UTC
13,12,4.5369E+15,04/23,success,2012-03-27 14:54:10 UTC,2012-03-27 14:54:10 UTC
14,13,4.41151E+15,04/23,refunded,2012-03-27 14:54:10 UTC,2012-03-27 14:54:10 UTC
15,13,4.86964E+15,04/23,refunded,2012-03-27 14:54:10 UTC,2012-03-27 14:54:10 UTC
16,15,4.73885E+15,04/23,success,2012-03-27 14:54:10 UTC,2012-03-27 14:54:10 UTC
17,16,4.76314E+15,04/23,success,2012-03-27 14:54:10 UTC,2012-03-27 14:54:10 UTC
18,17,4.2145E+15,04/23,success,2012-03-27 14:54:10 UTC,2012-03-27 14:54:10 UTC
19,18,4.43611E+15,04/23,success,2012-03-27 14:54:10 UTC,2012-03-27 14:54:10 UTC
20,19,4.33288E+15,04/23,refunded,2012-03-27 14:54:10 UTC,2012-03-27 14:54:10 UTC
21,20,4.88644E+15,04/23,success,2012-03-27 14:54:10 UTC,2012-03-27 14:54:10 UTC
22,21,4.25215E+15,04/23,success,2012-03-27 14:54:10 UTC,2012-03-27 14:54:10 UTC
23,22,4.82276E+15,04/23,success,2012-03-27 14:54:11 UTC,2012-03-27 14:54:11 UTC
24,23,4.09045E+15,04/23,success,2012-03-27 14:54:11 UTC,2012-03-27 14:54:11 UTC
25,24,4.17308E+15,04/23,success,2012-03-27 14:54:11 UTC,2012-03-27 14:54:11 UTC
26,25,4.92012E+15,04/23,success,2012-03-27 14:54:11 UTC,2012-03-27 14:54:11 UTC
27,26,4.74091E+15,04/23,refunded,2012-03-27 14:54:11 UTC,2012-03-27 14:54:11 UTC
28,27,4.97225E+15,04/23,success,2012-03-27 14:54:11 UTC,2012-03-27 14:54:11 UTC
29,28,4.52087E+15,04/23,success,2012-03-27 14:54:11 UTC,2012-03-27 14:54:11 UTC
30,29,4.08447E+15,04/23,refunded,2012-03-27 14:54:11 UTC,2012-03-27 14:54:11 UTC
31,30,4.09411E+15,04/23,success,2012-03-27 14:54:11 UTC,2012-03-27 14:54:11 UTC
32,31,4.99398E+15,04/23,failed,2012-03-27 14:54:11 UTC,2012-03-27 14:54:11 UTC
33,31,4.01078E+15,04/23,success,2012-03-27 14:54:11 UTC,2012-03-27 14:54:11 UTC
34,32,4.51852E+15,04/23,success,2012-03-27 14:54:11 UTC,2012-03-27 14:54:11 UTC
35,33,4.5043E+15,04/23,success,2012-03-27 14:54:11 UTC,2012-03-27 14:54:11 UTC
36,34,4.25626E+15,04/23,failed,2012-03-27 14:54:11 UTC,2012-03-27 14:54:11 UTC
37,34,4.98927E+15,04/23,failed,2012-03-27 14:54:11 UTC,2012-03-27 14:54:11 UTC
38,34,4.90853E+15,04/23,success,2012-03-27 14:54:11 UTC,2012-03-27 14:54:11 UTC
39,35,4.046E+15,04/23,failed,2012-03-27 14:54:11 UTC,2012-03-27 14:54:11 UTC
40,35,4.92753E+15,04/23,failed,2012-03-27 14:54:11 UTC,2012-03-27 14:54:11 UTC
41,36,4.89157E+15,04/23,success,2012-03-27 14:54:11 UTC,2012-03-27 14:54:11 UTC
42,37,4.11644E+15,04/23,success,2012-03-27 14:54:11 UTC,2012-03-27 14:54:11 UTC
43,38,4.53025E+15,04/23,success,2012-03-27 14:54:11 UTC,2012-03-27 14:54:11 UTC
44,39,4.19482E+15,04/23,success,2012-03-27 14:54:11 UTC,2012-03-27 14:54:11 UTC
45,40,4.87339E+15,04/23,success,2012-03-27 14:54:11 UTC,2012-03-27 14:54:11 UTC
46,41,4.9936E+15,04/23,success,2012-03-27 14:54:11 UTC,2012-03-27 14:54:11 UTC
47,42,4.951E+15,04/23,refunded,2012-03-27 14:54:11 UTC,2012-03-27 14:54:11 UTC
48,43,4.84463E+15,04/23,success,2012-03-27 14:54:11 UTC,2012-03-27 14:54:11 UTC
49,44,4.21107E+15,04/23,success,2012-03-27 14:54:11 UTC,2012-03-27 14:54:11 UTC
50,45,4.23257E+15,04/23,success,2012-03-27 14:54:11 UTC,2012-03-27 14:54:11 UTC
51,46,4.51797E+15,04/23,refunded,2012-03-27 14:54:12 UTC,2012-03-27 14:54:12 UTC
52,47,4.16894E+15,04/23,refunded,2012-03-27 14:54:12 UTC,2012-03-27 14:54:12 UTC
53,48,4.99736E+15,04/23,refunded,2012-03-27 14:54:12 UTC,2012-03-27 14:54:12 UTC
54,48,4.77786E+15,04/23,refunded,2012-03-27 14:54:12 UTC,2012-03-27 14:54:12 UTC
55,49,4.79515E+15,04/23,success,2012-03-27 14:54:12 UTC,2012-03-27 14:54:12 UTC
56,50,4.95683E+15,04/23,success,2012-03-27 14:54:12 UTC,2012-03-27 14:54:12 UTC
57,51,4.18307E+15,04/23,success,2012-03-27 14:54:12 UTC,2012-03-27 14:54:12 UTC
58,52,4.21866E+15,04/23,success,2012-03-27 14:54:12 UTC,2012-03-27 14:54:12 UTC
59,53,4.93337E+15,04/23,failed,2012-03-27 14:54:12 UTC,2012-03-27 14:54:12 UTC
60,53,4.4414E+15,04/23,failed,2012-03-27 14:54:12 UTC,2012-03-27 14:54:12 UTC
61,53,4.53725E+15,04/23,success,2012-03-27 14:54:12 UTC,2012-03-27 14:54:12 UTC
62,54,4.74993E+15,04/23,success,2012-03-27 14:54:12 UTC,2012-03-27 14:54:12 UTC
63,55,4.10504E+15,04/23,refunded,2012-03-27 14:54:12 UTC,2012-03-27 14:54:12 UTC
64,56,4.91939E+15,04/23,success,2012-03-27 14:54:12 UTC,2012-03-27 14:54:12 UTC
65,57,4.35314E+15,04/23,success,2012-03-27 14:54:12 UTC,2012-03-27 14:54:12 UTC
66,58,4.52965E+15,04/23,success,2012-03-27 14:54:12 UTC,2012-03-27 14:54:12 UTC
67,59,4.21932E+15,04/23,success,2012-03-27 14:54:12 UTC,2012-03-27 14:54:12 UTC
68,60,4.08166E+15,04/23,success,2012-03-27 14:54:12 UTC,2012-03-27 14:54:12 UTC
69,61,4.97067E+15,04/23,success,2012-03-27 14:54:12 UTC,2012-03-27 14:54:12 UTC
70,62,4.61932E+15,04/23,refunded,2012-03-27 14:54:12 UTC,2012-03-27 14:54:12 UTC
71,63,4.61165E+15,04/23,success,2012-03-27 14:54:12 UTC,2012-03-27 14:54:12 UTC
72,64,4.44608E+15,04/23,refunded,2012-03-27 14:54:12 UTC,2012-03-27 14:54:12 UTC
73,65,4.87529E+15,04/23,refunded,2012-03-27 14:54:12 UTC,2012-03-27 14:54:12 UTC
74,66,4.90893E+15,04/23,refunded,2012-03-27 14:54:12 UTC,2012-03-27 14:54:12 UTC
75,67,4.71471E+15,04/23,refunded,2012-03-27 14:54:13 UTC,2012-03-27 14:54:13 UTC
76,68,4.25852E+15,04/23,success,2012-03-27 14:54:13 UTC,2012-03-27 14:54:13 UTC
77,69,4.48468E+15,04/23,refunded,2012-03-27 14:54:13 UTC,2012-03-27 14:54:13 UTC
78,70,4.2769E+15,04/23,success,2012-03-27 14:54:13 UTC,2012-03-27 14:54:13 UTC
79,71,4.94033E+15,04/23,refunded,2012-03-27 14:54:13 UTC,2012-03-27 14:54:13 UTC
80,72,4.28061E+15,04/23,refunded,2012-03-27 14:54:13 UTC,2012-03-27 14:54:13 UTC
81,73,4.08558E+15,04/23,refunded,2012-03-27 14:54:13 UTC,2012-03-27 14:54:13 UTC
82,74,4.41448E+15,04/23,failed,2012-03-27 14:54:13 UTC,2012-03-27 14:54:13 UTC
83,75,4.8849E+15,04/23,failed,2012-03-27 14:54:13 UTC,2012-03-27 14:54:13 UTC
84,75,4.3888E+15,04/23,failed,2012-03-27 14:54:13 UTC,2012-03-27 14:54:13 UTC
85,76,4.78805E+15,04/23,refunded,2012-03-27 14:54:13 UTC,2012-03-27 14:54:13 UTC
86,77,4.2142E+15,04/23,success,2012-03-27 14:54:13 UTC,2012-03-27 14:54:13 UTC
87,78,4.5524E+15,04/23,success,2012-03-27 14:54:13 UTC,2012-03-27 14:54:13 UTC
88,79,4.6775E+15,04/23,success,2012-03-27 14:54:13 UTC,2012-03-27 14:54:13 UTC
89,80,4.49228E+15,04/23,refunded,2012-03-27 14:54:13 UTC,2012-03-27 14:54:13 UTC
90,81,4.86464E+15,04/23,refunded,2012-03-27 14:54:13 UTC,2012-03-27 14:54:13 UTC
91,82,4.24613E+15,04/23,success,2012-03-27 14:54:13 UTC,2012-03-27 14:54:13 UTC
92,83,4.16734E+15,04/23,success,2012-03-27 14:54:13 UTC,2012-03-27 14:54:13 UTC
93,84,4.90743E+15,04/23,success,2012-03-27 14:54:13 UTC,2012-03-27 14:54:13 UTC
94,85,4.09341E+15,04/23,refunded,2012-03-27 14:54:13 UTC,2012-03-27 14:54:13 UTC
95,86,4.7698E+15,04/23,success,2012-03-27 14:54:13 UTC,2012-03-27 14:54:13 UTC
96,87,4.07664E+15,04/23,refunded,2012-03-27 14:54:14 UTC,2012-03-27 14:54:14 UTC
97,88,4.33346E+15,04/23,success,2012-03-27 14:54:14 UTC,2012-03-27 14:54:14 UTC
98,89,4.38824E+15,04/23,success,2012-03-27 14:54:14 UTC,2012-03-27 14:54:14 UTC
99,90,4.20168E+15,04/23,success,2012-03-27 14:54:14 UTC,2012-03-27 14:54:14 UTC
100,91,4.44859E+15,04/23,refunded,2012-03-27 14:54:14 UTC,2012-03-27 14:54:14 UTC
101,92,4.44775E+15,04/23,success,2012-03-27 14:54:14 UTC,2012-03-27 14:54:14 UTC
102,93,4.46399E+15,04/23,success,2012-03-27 14:54:14 UTC,2012-03-27 14:54:14 UTC
103,94,4.64461E+15,04/23,refunded,2012-03-27 14:54:14 UTC,2012-03-27 14:54:14 UTC
104,95,4.62193E+15,04/23,failed,2012-03-27 14:54:14 UTC,2012-03-27 14:54:14 UTC
105,95,4.04486E+15,04/23,success,2012-03-27 14:54:14 UTC,2012-03-27 14:54:14 UTC
106,96,4.95172E+15,04/23,success,2012-03-27 14:54:14 UTC,2012-03-27 14:54:14 UTC
107,97,4.82134E+15,04/23,success,2012-03-27 14:54:14 UTC,2012-03-27 14:54:14 UTC
108,98,4.89942E+15,04/23,success,2012-03-27 14:54:14 UTC,2012-03-27 14:54:14 UTC
109,99,4.64572E+15,04/23,success,2012-03-27 14:54:14 UTC,2012-03-27 14:54:14 UTC
110,100,4.51763E+15,04/23,success,2012-03-27 14:54:14 UTC,2012-03-27 14:54:14 UTC
111,101,4.0084E+15,04/23,refunded,2012-03-27 14:54:14 UTC,2012-03-27 14:54:14 UTC
112,102,4.3227E+15,04/23,success,2012-03-27 14:54:14 UTC,2012-03-27 14:54:14 UTC
113,103,4.27647E+15,04/23,success,2012-03-27 14:54:14 UTC,2012-03-27 14:54:14 UTC
114,104,4.04191E+15,04/23,refunded,2012-03-27 14:54:15 UTC,2012-03-27 14:54:15 UTC
115,105,4.73261E+15,04/23,success,2012-03-27 14:54:15 UTC,2012-03-27 14:54:15 UTC
116,106,4.1168E+15,04/23,success,2012-03-27 14:54:15 UTC,2012-03-27 14:54:15 UTC
117,107,4.31571E+15,04/23,success,2012-03-27 14:54:15 UTC,2012-03-27 14:54:15 UTC
118,108,4.58161E+15,04/23,refunded,2012-03-27 14:54:15 UTC,2012-03-27 14:54:15 UTC
119,108,4.56481E+15,04/23,refunded,2012-03-27 14:54:15 UTC,2012-03-27 14:54:15 UTC
120,108,4.62044E+15,04/23,refunded,2012-03-27 14:54:15 UTC,2012-03-27 14:54:15 UTC
121,109,4.8221E+15,04/23,failed,2012-03-27 14:54:15 UTC,2012-03-27 14:54:15 UTC
122,109,4.76312E+15,04/23,success,2012-03-27 14:54:15 UTC,2012-03-27 14:54:15 UTC
123,110,4.8393E+15,04/23,refunded,2012-03-27 14:54:15 UTC,2012-03-27 14:54:15 UTC
124,111,4.53246E+15,04/23,refunded,2012-03-27 14:54:15 UTC,2012-03-27 14:54:15 UTC
125,112,4.36594E+15,04/23,success,2012-03-27 14:54:15 UTC,2012-03-27 14:54:15 UTC
126,113,4.77151E+15,04/23,success,2012-03-27 14:54:15 UTC,2012-03-27 14:54:15 UTC
127,114,4.42145E+15,04/23,success,2012-03-27 14:54:15 UTC,2012-03-27 14:54:15 UTC
128,115,4.7957E+15,04/23,success,2012-03-27 14:54:15 UTC,2012-03-27 14:54:15 UTC
129,116,4.76934E+15,04/23,success,2012-03-27 14:54:15 UTC,2012-03-27 14:54:15 UTC
130,117,4.8674E+15,04/23,success,2012-03-27 14:54:15 UTC,2012-03-27 14:54:15 UTC
131,118,4.17978E+15,04/23,success,2012-03-27 14:54:15 UTC,2012-03-27 14:54:15 UTC
132,119,4.28096E+15,04/23,success,2012-03-27 14:54:15 UTC,2012-03-27 14:54:15 UTC
133,120,4.12987E+15,04/23,failed,2012-03-27 14:54:15 UTC,2012-03-27 14:54:15 UTC
134,120,4.31925E+15,04/23,failed,2012-03-27 14:54:15 UTC,2012-03-27 14:54:15 UTC
135,120,4.30604E+15,04/23,success,2012-03-27 14:54:15 UTC,2012-03-27 14:54:15 UTC
136,121,4.83105E+15,04/23,success,2012-03-27 14:54:16 UTC,2012-03-27 14:54:16 UTC
137,123,4.44221E+15,04/23,refunded,2012-03-27 14:54:16 UTC,2012-03-27 14:54:16 UTC
138,124,4.70513E+15,04/23,refunded,2012-03-27 14:54:16 UTC,2012-03-27 14:54:16 UTC
139,125,4.68581E+15,04/23,success,2012-03-27 14:54:16 UTC,2012-03-27 14:54:16 UTC
140,126,4.99068E+15,04/23,success,2012-03-27 14:54:16 UTC,2012-03-27 14:54:16 UTC
141,127,4.7814E+15,04/23,refunded,2012-03-27 14:54:16 UTC,2012-03-27 14:54:16 UTC
142,128,4.3563E+15,04/23,success,2012-03-27 14:54:16 UTC,2012-03-27 14:54:16 UTC
143,129,4.10993E+15,04/23,refunded,2012-03-27 14:54:16 UTC,2012-03-27 14:54:16 UTC
144,130,4.69533E+15,04/23,success,2012-03-27 14:54:16 UTC,2012-03-27 14:54:16 UTC
145,131,4.52804E+15,04/23,success,2012-03-27 14:54:16 UTC,2012-03-27 14:54:16 UTC
146,132,4.74757E+15,04/23,success,2012-03-27 14:54:16 UTC,2012-03-27 14:54:16 UTC
147,133,4.6868E+15,04/23,success,2012-03-27 14:54:16 UTC,2012-03-27 14:54:16 UTC
148,134,4.46252E+15,04/23,refunded,2012-03-27 14:54:16 UTC,2012-03-27 14:54:16 UTC
149,135,4.93069E+15,04/23,success,2012-03-27 14:54:16 UTC,2012-03-27 14:54:16 UTC
150,136,4.75107E+15,04/23,success,2012-03-27 14:54:16 UTC,2012-03-27 14:54:16 UTC
151,137,4.16888E+15,04/23,refunded,2012-03-27 14:54:16 UTC,2012-03-27 14:54:16 UTC
152,138,4.57734E+15,04/23,success,2012-03-27 14:54:16 UTC,2012-03-27 14:54:16 UTC
153,139,4.23812E+15,04/23,refunded,2012-03-27 14:54:16 UTC,2012-03-27 14:54:16 UTC
154,140,4.1707E+15,04/23,refunded,2012-03-27 14:54:16 UTC,2012-03-27 14:54:16 UTC
155,141,4.72774E+15,04/23,failed,2012-03-27 14:54:16 UTC,2012-03-27 14:54:16 UTC
156,141,4.24293E+15,04/23,failed,2012-03-27 14:54:16 UTC,2012-03-27 14:54:16 UTC
157,141,4.21055E+15,04/23,success,2012-03-27 14:54:16 UTC,2012-03-27 14:54:16 UTC
158,142,4.07203E+15,04/23,refunded,2012-03-27 14:54:17 UTC,2012-03-27 14:54:17 UTC
159,143,4.9704E+15,04/23,success,2012-03-27 14:54:17 UTC,2012-03-27 14:54:17 UTC
160,144,4.05032E+15,04/23,refunded,2012-03-27 14:54:17 UTC,2012-03-27 14:54:17 UTC
161,145,4.95654E+15,04/23,success,2012-03-27 14:54:17 UTC,2012-03-27 14:54:17 UTC
162,146,4.91139E+15,04/23,failed,2012-03-27 14:54:17 UTC,2012-03-27 14:54:17 UTC
163,146,4.98918E+15,04/23,failed,2012-03-27 14:54:17 UTC,2012-03-27 14:54:17 UTC
164,147,4.31455E+15,04/23,success,2012-03-27 14:54:17 UTC,2012-03-27 14:54:17 UTC
165,148,4.75569E+15,04/23,refunded,2012-03-27 14:54:17 UTC,2012-03-27 14:54:17 UTC
166,149,4.62441E+15,04/23,refunded,2012-03-27 14:54:17 UTC,2012-03-27 14:54:17 UTC
167,150,4.51099E+15,04/23,refunded,2012-03-27 14:54:17 UTC,2012-03-27 14:54:17 UTC
168,151,4.13637E+15,04/23,success,2012-03-27 14:54:17 UTC,2012-03-27 14:54:17 UTC
169,152,4.13622E+15,04/23,failed,2012-03-27 14:54:17 UTC,2012-03-27 14:54:17 UTC
170,152,4.9347E+15,04/23,success,2012-03-27 14:54:17 UTC,2012-03-27 14:54:17 UTC
171,153,4.43337E+15,04/23,refunded,2012-03-27 14:54:17 UTC,2012-03-27 14:54:17 UTC
172,154,4.65105E+15,04/23,success,2012-03-27 14:54:17 UTC,2012-03-27 14:54:17 UTC
173,155,4.6888E+15,04/23,success,2012-03-27 14:54:17 UTC,2012-03-27 14:54:17 UTC
174,156,4.88718E+15,04/23,success,2012-03-27 14:54:17 UTC,2012-03-27 14:54:17 UTC
175,157,4.41044E+15,04/23,refunded,2012-03-27 14:54:17 UTC,2012-03-27 14:54:17 UTC
176,158,4.67961E+15,04/23,success,2012-03-27 14:54:17 UTC,2012-03-27 14:54:17 UTC
177,159,4.94105E+15,04/23,refunded,2012-03-27 14:54:17 UTC,2012-03-27 14:54:17 UTC
178,160,4.96539E+15,04/23,success,2012-03-27 14:54:17 UTC,2012-03-27 14:54:17 UTC
179,161,4.5117E+15,04/23,success,2012-03-27 14:54:17 UTC,2012-03-27 14:54:17 UTC
180,162,4.00335E+15,04/23,success,2012-03-27 14:54:17 UTC,2012-03-27 14:54:17 UTC
181,163,4.94389E+15,04/23,refunded,2012-03-27 14:54:18 UTC,2012-03-27 14:54:18 UTC
182,165,4.22067E+15,04/23,success,2012-03-27 14:54:18 UTC,2012-03-27 14:54:18 UTC
183,166,4.78218E+15,04/23,refunded,2012-03-27 14:54:18 UTC,2012-03-27 14:54:18 UTC
184,167,4.07354E+15,04/23,refunded,2012-03-27 14:54:18 UTC,2012-03-27 14:54:18 UTC
185,168,4.14291E+15,04/23,refunded,2012-03-27 14:54:18 UTC,2012-03-27 14:54:18 UTC
186,169,4.66833E+15,04/23,refunded,2012-03-27 14:54:18 UTC,2012-03-27 14:54:18 UTC
187,170,4.62142E+15,04/23,success,2012-03-27 14:54:18 UTC,2012-03-27 14:54:18 UTC
188,171,4.3536E+15,04/23,failed,2012-03-27 14:54:18 UTC,2012-03-27 14:54:18 UTC
189,171,4.76494E+15,04/23,failed,2012-03-27 14:54:18 UTC,2012-03-27 14:54:18 UTC
190,171,4.01989E+15,04/23,success,2012-03-27 14:54:18 UTC,2012-03-27 14:54:18 UTC
191,172,4.89061E+15,04/23,refunded,2012-03-27 14:54:18 UTC,2012-03-27 14:54:18 UTC
192,173,4.12249E+15,04/23,refunded,2012-03-27 14:54:18 UTC,2012-03-27 14:54:18 UTC
193,174,4.64211E+15,04/23,refunded,2012-03-27 14:54:18 UTC,2012-03-27 14:54:18 UTC
194,175,4.85615E+15,04/23,refunded,2012-03-27 14:54:18 UTC,2012-03-27 14:54:18 UTC
195,176,4.83278E+15,04/23,success,2012-03-27 14:54:18 UTC,2012-03-27 14:54:18 UTC
196,177,4.41116E+15,04/23,refunded,2012-03-27 14:54:18 UTC,2012-03-27 14:54:18 UTC
197,178,4.77805E+15,04/23,refunded,2012-03-27 14:54:18 UTC,2012-03-27 14:54:18 UTC
198,179,4.48623E+15,04/23,success,2012-03-27 14:54:18 UTC,2012-03-27 14:54:18 UTC
199,180,4.23511E+15,04/23,success,2012-03-27 14:54:18 UTC,2012-03-27 14:54:18 UTC
200,181,4.54539E+15,04/23,failed,2012-03-27 14:54:18 UTC,2012-03-27 14:54:18 UTC
201,181,4.71852E+15,04/23,failed,2012-03-27 14:54:18 UTC,2012-03-27 14:54:18 UTC
202,181,4.73508E+15,04/23,success,2012-03-27 14:54:18 UTC,2012-03-27 14:54:18 UTC
203,182,4.10669E+15,04/23,success,2012-03-27 14:54:18 UTC,2012-03-27 14:54:18 UTC
204,183,4.91331E+15,04/23,success,2012-03-27 14:54:18 UTC,2012-03-27 14:54:18 UTC
205,184,4.00024E+15,04/23,refunded,2012-03-27 14:54:18 UTC,2012-03-27 14:54:18 UTC
206,185,4.41453E+15,04/23,success,2012-03-27 14:54:19 UTC,2012-03-27 14:54:19 UTC
207,186,4.57786E+15,04/23,refunded,2012-03-27 14:54:19 UTC,2012-03-27 14:54:19 UTC
208,187,4.455E+15,04/23,success,2012-03-27 14:54:19 UTC,2012-03-27 14:54:19 UTC
209,188,4.2914E+15,04/23,success,2012-03-27 14:54:19 UTC,2012-03-27 14:54:19 UTC
210,189,4.20355E+15,04/23,success,2012-03-27 14:54:19 UTC,2012-03-27 14:54:19 UTC
211,190,4.47536E+15,04/23,success,2012-03-27 14:54:19 UTC,2012-03-27 14:54:19 UTC
212,191,4.54239E+15,04/23,success,2012-03-27 14:54:19 UTC,2012-03-27 14:54:19 UTC
213,192,4.15149E+15,04/23,success,2012-03-27 14:54:19 UTC,2012-03-27 14:54:19 UTC
214,193,4.43647E+15,04/23,success,2012-03-27 14:54:19 UTC,2012-03-27 14:54:19 UTC
215,194,4.00436E+15,04/23,success,2012-03-27 14:54:19 UTC,2012-03-27 14:54:19 UTC
216,195,4.34132E+15,04/23,success,2012-03-27 14:54:19 UTC,2012-03-27 14:54:19 UTC
217,196,4.58789E+15,04/23,success,2012-03-27 14:54:19 UTC,2012-03-27 14:54:19 UTC
218,197,4.20894E+15,04/23,success,2012-03-27 14:54:19 UTC,2012-03-27 14:54:19 UTC
219,198,4.03551E+15,04/23,refunded,2012-03-27 14:54:19 UTC,2012-03-27 14:54:19 UTC
220,199,4.51373E+15,04/23,success,2012-03-27 14:54:19 UTC,2012-03-27 14:54:19 UTC
221,200,4.09059E+15,04/23,success,2012-03-27 14:54:19 UTC,2012-03-27 14:54:19 UTC
222,201,4.62506E+15,04/23,success,2012-03-27 14:54:19 UTC,2012-03-27 14:54:19 UTC
223,202,4.56705E+15,04/23,refunded,2012-03-27 14:54:19 UTC,2012-03-27 14:54:19 UTC
224,203,4.06343E+15,04/23,failed,2012-03-27 14:54:19 UTC,2012-03-27 14:54:19 UTC
225,203,4.36529E+15,04/23,failed,2012-03-27 14:54:19 UTC,2012-03-27 14:54:19 UTC
226,203,4.08021E+15,04/23,success,2012-03-27 14:54:19 UTC,2012-03-27 14:54:19 UTC
227,204,4.02746E+15,04/23,failed,2012-03-27 14:54:19 UTC,2012-03-27 14:54:19 UTC
228,204,4.35266E+15,04/23,success,2012-03-27 14:54:19 UTC,2012-03-27 14:54:19 UTC
229,205,4.1788E+15,04/23,success,2012-03-27 14:54:19 UTC,2012-03-27 14:54:19 UTC
230,206,4.79772E+15,04/23,success,2012-03-27 14:54:20 UTC,2012-03-27 14:54:20 UTC
231,207,4.7442E+15,04/23,success,2012-03-27 14:54:20 UTC,2012-03-27 14:54:20 UTC
232,208,4.83906E+15,04/23,refunded,2012-03-27 14:54:20 UTC,2012-03-27 14:54:20 UTC
233,209,4.84594E+15,04/23,refunded,2012-03-27 14:54:20 UTC,2012-03-27 14:54:20 UTC
234,210,4.64753E+15,04/23,success,2012-03-27 14:54:20 UTC,2012-03-27 14:54:20 UTC
235,211,4.13257E+15,04/23,refunded,2012-03-27 14:54:20 UTC,2012-03-27 14:54:20 UTC
236,212,4.3572E+15,04/23,refunded,2012-03-27 14:54:20 UTC,2012-03-27 14:54:20 UTC
237,213,4.8489E+15,04/23,failed,2012-03-27 14:54:20 UTC,2012-03-27 14:54:20 UTC
238,213,4.78844E+15,04/23,success,2012-03-27 14:54:20 UTC,2012-03-27 14:54:20 UTC
239,214,4.25585E+15,04/23,success,2012-03-27 14:54:20 UTC,2012-03-27 14:54:20 UTC
240,215,4.58079E+15,04/23,refunded,2012-03-27 14:54:20 UTC,2012-03-27 14:54:20 UTC
241,216,4.98954E+15,04/23,failed,2012-03-27 14:54:20 UTC,2012-03-27 14:54:20 UTC
242,216,4.60226E+15,04/23,success,2012-03-27 14:54:20 UTC,2012-03-27 14:54:20 UTC
243,217,4.29765E+15,04/23,refunded,2012-03-27 14:54:20 UTC,2012-03-27 14:54:20 UTC
244,218,4.41731E+15,04/23,refunded,2012-03-27 14:54:20 UTC,2012-03-27 14:54:20 UTC
245,219,4.14702E+15,04/23,failed,2012-03-27 14:54:20 UTC,2012-03-27 14:54:20 UTC
246,219,4.65385E+15,04/23,failed,2012-03-27 14:54:20 UTC,2012-03-27 14:54:20 UTC
247,219,4.63964E+15,04/23,success,2012-03-27 14:54:20 UTC,2012-03-27 14:54:20 UTC
248,220,4.99634E+15,04/23,success,2012-03-27 14:54:20 UTC,2012-03-27 14:54:20 UTC
249,221,4.9423E+15,04/23,failed,2012-03-27 14:54:20 UTC,2012-03-27 14:54:20 UTC
250,221,4.98678E+15,04/23,success,2012-03-27 14:54:20 UTC,2012-03-27 14:54:20 UTC
251,222,4.77564E+15,04/23,success,2012-03-27 14:54:20 UTC,2012-03-27 14:54:20 UTC
252,223,4.92428E+15,04/23,success,2012-03-27 14:54:20 UTC,2012-03-27 14:54:20 UTC
253,224,4.14729E+15,04/23,success,2012-03-27 14:54:20 UTC,2012-03-27 14:54:20 UTC
254,225,4.69769E+15,04/23,refunded,2012-03-27 14:54:21 UTC,2012-03-27 14:54:21 UTC
255,226,4.23656E+15,04/23,success,2012-03-27 14:54:21 UTC,2012-03-27 14:54:21 UTC
256,227,4.47979E+15,04/23,success,2012-03-27 14:54:21 UTC,2012-03-27 14:54:21 UTC
257,228,4.05813E+15,04/23,refunded,2012-03-27 14:54:21 UTC,2012-03-27 14:54:21 UTC
258,229,4.62327E+15,04/23,success,2012-03-27 14:54:21 UTC,2012-03-27 14:54:21 UTC
259,230,4.62317E+15,04/23,refunded,2012-03-27 14:54:21 UTC,2012-03-27 14:54:21 UTC
260,231,4.46214E+15,04/23,refunded,2012-03-27 14:54:21 UTC,2012-03-27 14:54:21 UTC
261,231,4.89204E+15,04/23,refunded,2012-03-27 14:54:21 UTC,2012-03-27 14:54:21 UTC
262,231,4.74262E+15,04/23,refunded,2012-03-27 14:54:21 UTC,2012-03-27 14:54:21 UTC
263,232,4.45812E+15,04/23,refunded,2012-03-27 14:54:21 UTC,2012-03-27 14:54:21 UTC
264,233,4.80091E+15,04/23,success,2012-03-27 14:54:21 UTC,2012-03-27 14:54:21 UTC
265,234,4.65934E+15,04/23,success,2012-03-27 14:54:21 UTC,2012-03-27 14:54:21 UTC
266,235,4.66394E+15,04/23,success,2012-03-27 14:54:21 UTC,2012-03-27 14:54:21 UTC
267,236,4.53387E+15,04/23,success,2012-03-27 14:54:21 UTC,2012-03-27 14:54:21 UTC
268,237,4.84383E+15,04/23,success,2012-03-27 14:54:21 UTC,2012-03-27 14:54:21 UTC
269,238,4.36064E+15,04/23,refunded,2012-03-27 14:54:21 UTC,2012-03-27 14:54:21 UTC
270,239,4.30008E+15,04/23,success,2012-03-27 14:54:21 UTC,2012-03-27 14:54:21 UTC
271,240,4.36556E+15,04/23,success,2012-03-27 14:54:21 UTC,2012-03-27 14:54:21 UTC
272,241,4.17879E+15,04/23,success,2012-03-27 14:54:21 UTC,2012-03-27 14:54:21 UTC
273,242,4.89606E+15,04/23,refunded,2012-03-27 14:54:21 UTC,2012-03-27 14:54:21 UTC
274,243,4.96547E+15,04/23,refunded,2012-03-27 14:54:21 UTC,2012-03-27 14:54:21 UTC
275,244,4.63446E+15,04/23,refunded,2012-03-27 14:54:21 UTC,2012-03-27 14:54:21 UTC
276,245,4.13879E+15,04/23,failed,2012-03-27 14:54:21 UTC,2012-03-27 14:54:21 UTC
277,245,4.55855E+15,04/23,failed,2012-03-27 14:54:21 UTC,2012-03-27 14:54:21 UTC
278,245,4.81411E+15,04/23,success,2012-03-27 14:54:21 UTC,2012-03-27 14:54:21 UTC
279,246,4.23374E+15,04/23,success,2012-03-27 14:54:21 UTC,2012-03-27 14:54:21 UTC
280,247,4.00322E+15,04/23,success,2012-03-27 14:54:22 UTC,2012-03-27 14:54:22 UTC
281,248,4.12718E+15,04/23,refunded,2012-03-27 14:54:22 UTC,2012-03-27 14:54:22 UTC
282,248,4.29928E+15,04/23,refunded,2012-03-27 14:54:22 UTC,2012-03-27 14:54:22 UTC
283,249,4.7943E+15,04/23,success,2012-03-27 14:54:22 UTC,2012-03-27 14:54:22 UTC
284,250,4.56158E+15,04/23,success,2012-03-27 14:54:22 UTC,2012-03-27 14:54:22 UTC
285,251,4.21958E+15,04/23,refunded,2012-03-27 14:54:22 UTC,2012-03-27 14:54:22 UTC
286,252,4.45199E+15,04/23,refunded,2012-03-27 14:54:22 UTC,2012-03-27 14:54:22 UTC
287,253,4.61725E+15,04/23,success,2012-03-27 14:54:22 UTC,2012-03-27 14:54:22 UTC
288,254,4.44223E+15,04/23,success,2012-03-27 14:54:22 UTC,2012-03-27 14:54:22 UTC
289,255,4.14502E+15,04/23,success,2012-03-27 14:54:22 UTC,2012-03-27 14:54:22 UTC
290,256,4.99037E+15,04/23,failed,2012-03-27 14:54:22 UTC,2012-03-27 14:54:22 UTC
291,256,4.34144E+15,04/23,success,2012-03-27 14:54:22 UTC,2012-03-27 14:54:22 UTC
292,257,4.4058E+15,04/23,success,2012-03-27 14:54:22 UTC,2012-03-27 14:54:22 UTC
293,258,4.30695E+15,04/23,refunded,2012-03-27 14:54:22 UTC,2012-03-27 14:54:22 UTC
294,260,4.5811E+15,04/23,success,2012-03-27 14:54:22 UTC,2012-03-27 14:54:22 UTC
295,261,4.98578E+15,04/23,success,2012-03-27 14:54:22 UTC,2012-03-27 14:54:22 UTC
296,262,4.66944E+15,04/23,success,2012-03-27 14:54:22 UTC,2012-03-27 14:54:22 UTC
297,263,4.9798E+15,04/23,success,2012-03-27 14:54:22 UTC,2012-03-27 14:54:22 UTC
298,264,4.75886E+15,04/23,failed,2012-03-27 14:54:22 UTC,2012-03-27 14:54:22 UTC
299,264,4.3209E+15,04/23,success,2012-03-27 14:54:22 UTC,2012-03-27 14:54:22 UTC
300,265,4.35598E+15,04/23,success,2012-03-27 14:54:22 UTC,2012-03-27 14:54:22 UTC
301,266,4.69169E+15,04/23,success,2012-03-27 14:54:22 UTC,2012-03-27 14:54:22 UTC
302,267,4.0531E+15,04/23,failed,2012-03-27 14:54:23 UTC,2012-03-27 14:54:23 UTC
303,267,4.42869E+15,04/23,success,2012-03-27 14:54:23 UTC,2012-03-27 14:54:23 UTC
304,268,4.27992E+15,04/23,refunded,2012-03-27 14:54:23 UTC,2012-03-27 14:54:23 UTC
305,269,4.14748E+15,04/23,success,2012-03-27 14:54:23 UTC,2012-03-27 14:54:23 UTC
306,270,4.86286E+15,04/23,success,2012-03-27 14:54:23 UTC,2012-03-27 14:54:23 UTC
307,271,4.74037E+15,04/23,refunded,2012-03-27 14:54:23 UTC,2012-03-27 14:54:23 UTC
308,272,4.53582E+15,04/23,success,2012-03-27 14:54:23 UTC,2012-03-27 14:54:23 UTC
309,273,4.74555E+15,04/23,failed,2012-03-27 14:54:23 UTC,2012-03-27 14:54:23 UTC
310,273,4.18315E+15,04/23,success,2012-03-27 14:54:23 UTC,2012-03-27 14:54:23 UTC
311,274,4.6151E+15,04/23,failed,2012-03-27 14:54:23 UTC,2012-03-27 14:54:23 UTC
312,274,4.0631E+15,04/23,success,2012-03-27 14:54:23 UTC,2012-03-27 14:54:23 UTC
313,275,4.93515E+15,04/23,refunded,2012-03-27 14:54:23 UTC,2012-03-27 14:54:23 UTC
314,276,4.10779E+15,04/23,success,2012-03-27 14:54:23 UTC,2012-03-27 14:54:23 UTC
315,277,4.16021E+15,04/23,success,2012-03-27 14:54:23 UTC,2012-03-27 14:54:23 UTC
316,278,4.18967E+15,04/23,failed,2012-03-27 14:54:23 UTC,2012-03-27 14:54:23 UTC
317,278,4.82632E+15,04/23,failed,2012-03-27 14:54:23 UTC,2012-03-27 14:54:23 UTC
318,278,4.09333E+15,04/23,success,2012-03-27 14:54:23 UTC,2012-03-27 14:54:23 UTC
319,279,4.47024E+15,04/23,success,2012-03-27 14:54:23 UTC,2012-03-27 14:54:23 UTC
320,280,4.69284E+15,04/23,success,2012-03-27 14:54:23 UTC,2012-03-27 14:54:23 UTC
321,281,4.70266E+15,04/23,success,2012-03-27 14:54:23 UTC,2012-03-27 14:54:23 UTC
322,282,4.74066E+15,04/23,success,2012-03-27 14:54:23 UTC,2012-03-27 14:54:23 UTC
323,283,4.85552E+15,04/23,refunded,2012-03-27 14:54:23 UTC,2012-03-27 14:54:23 UTC
324,284,4.36998E+15,04/23,refunded,2012-03-27 14:54:23 UTC,2012-03-27 14:54:23 UTC
325,284,4.34917E+15,04/23,refunded,2012-03-27 14:54:23 UTC,2012-03-27 14:54:23 UTC
326,285,4.69574E+15,04/23,success,2012-03-27 14:54:23 UTC,2012-03-27 14:54:23 UTC
327,286,4.68502E+15,04/23,success,2012-03-27 14:54:23 UTC,2012-03-27 14:54:23 UTC
328,287,4.61685E+15,04/23,failed,2012-03-27 14:54:24 UTC,2012-03-27 14:54:24 UTC
329,287,4.79015E+15,04/23,success,2012-03-27 14:54:24 UTC,2012-03-27 14:54:24 UTC
330,288,4.76527E+15,04/23,success,2012-03-27 14:54:24 UTC,2012-03-27 14:54:24 UTC
331,289,4.7516E+15,04/23,refunded,2012-03-27 14:54:24 UTC,2012-03-27 14:54:24 UTC
332,290,4.21767E+15,04/23,success,2012-03-27 14:54:24 UTC,2012-03-27 14:54:24 UTC
333,291,4.11604E+15,04/23,failed,2012-03-27 14:54:24 UTC,2012-03-27 14:54:24 UTC
334,291,4.82548E+15,04/23,success,2012-03-27 14:54:24 UTC,2012-03-27 14:54:24 UTC
335,292,4.53891E+15,04/23,failed,2012-03-27 14:54:24 UTC,2012-03-27 14:54:24 UTC
336,292,4.23923E+15,04/23,success,2012-03-27 14:54:24 UTC,2012-03-27 14:54:24 UTC
337,293,4.84385E+15,04/23,success,2012-03-27 14:54:24 UTC,2012-03-27 14:54:24 UTC
338,294,4.89335E+15,04/23,refunded,2012-03-27 14:54:24 UTC,2012-03-27 14:54:24 UTC
339,295,4.15419E+15,04/23,refunded,2012-03-27 14:54:24 UTC,2012-03-27 14:54:24 UTC
340,296,4.17421E+15,04/23,refunded,2012-03-27 14:54:24 UTC,2012-03-27 14:54:24 UTC
341,297,4.33455E+15,04/23,success,2012-03-27 14:54:24 UTC,2012-03-27 14:54:24 UTC
342,298,4.34491E+15,04/23,refunded,2012-03-27 14:54:24 UTC,2012-03-27 14:54:24 UTC
343,299,4.72243E+15,04/23,refunded,2012-03-27 14:54:24 UTC,2012-03-27 14:54:24 UTC
344,300,4.00128E+15,04/23,success,2012-03-27 14:54:24 UTC,2012-03-27 14:54:24 UTC
345,301,4.05602E+15,04/23,success,2012-03-27 14:54:24 UTC,2012-03-27 14:54:24 UTC
346,302,4.71566E+15,04/23,success,2012-03-27 14:54:24 UTC,2012-03-27 14:54:24 UTC
347,303,4.97012E+15,04/23,refunded,2012-03-27 14:54:24 UTC,2012-03-27 14:54:24 UTC
348,304,4.32659E+15,04/23,refunded,2012-03-27 14:54:24 UTC,2012-03-27 14:54:24 UTC
349,304,4.52502E+15,04/23,refunded,2012-03-27 14:54:24 UTC,2012-03-27 14:54:24 UTC
350,305,4.56442E+15,04/23,success,2012-03-27 14:54:24 UTC,2012-03-27 14:54:24 UTC
351,306,4.90968E+15,04/23,success,2012-03-27 14:54:24 UTC,2012-03-27 14:54:24 UTC
352,307,4.17119E+15,04/23,success,2012-03-27 14:54:24 UTC,2012-03-27 14:54:24 UTC
353,308,4.75311E+15,04/23,refunded,2012-03-27 14:54:24 UTC,2012-03-27 14:54:24 UTC
354,308,4.23484E+15,04/23,refunded,2012-03-27 14:54:24 UTC,2012-03-27 14:54:24 UTC
355,309,4.62726E+15,04/23,success,2012-03-27 14:54:25 UTC,2012-03-27 14:54:25 UTC
356,310,4.19582E+15,04/23,failed,2012-03-27 14:54:25 UTC,2012-03-27 14:54:25 UTC
357,310,4.88858E+15,04/23,failed,2012-03-27 14:54:25 UTC,2012-03-27 14:54:25 UTC
358,311,4.30141E+15,04/23,refunded,2012-03-27 14:54:25 UTC,2012-03-27 14:54:25 UTC
359,312,4.23464E+15,04/23,refunded,2012-03-27 14:54:25 UTC,2012-03-27 14:54:25 UTC
360,312,4.70151E+15,04/23,refunded,2012-03-27 14:54:25 UTC,2012-03-27 14:54:25 UTC
361,313,4.63617E+15,04/23,success,2012-03-27 14:54:25 UTC,2012-03-27 14:54:25 UTC
362,314,4.0172E+15,04/23,success,2012-03-27 14:54:25 UTC,2012-03-27 14:54:25 UTC
363,315,4.22178E+15,04/23,success,2012-03-27 14:54:25 UTC,2012-03-27 14:54:25 UTC
364,316,4.57937E+15,04/23,refunded,2012-03-27 14:54:25 UTC,2012-03-27 14:54:25 UTC
365,317,4.25483E+15,04/23,refunded,2012-03-27 14:54:25 UTC,2012-03-27 14:54:25 UTC
366,318,4.29644E+15,04/23,success,2012-03-27 14:54:25 UTC,2012-03-27 14:54:25 UTC
367,319,4.81069E+15,04/23,success,2012-03-27 14:54:25 UTC,2012-03-27 14:54:25 UTC
368,320,4.73539E+15,04/23,success,2012-03-27 14:54:25 UTC,2012-03-27 14:54:25 UTC
369,321,4.33936E+15,04/23,success,2012-03-27 14:54:25 UTC,2012-03-27 14:54:25 UTC
370,322,4.51911E+15,04/23,success,2012-03-27 14:54:25 UTC,2012-03-27 14:54:25 UTC
371,323,4.92334E+15,04/23,failed,2012-03-27 14:54:25 UTC,2012-03-27 14:54:25 UTC
372,323,4.74722E+15,04/23,failed,2012-03-27 14:54:25 UTC,2012-03-27 14:54:25 UTC
373,323,4.95233E+15,04/23,success,2012-03-27 14:54:25 UTC,2012-03-27 14:54:25 UTC
374,324,4.0315E+15,04/23,success,2012-03-27 14:54:25 UTC,2012-03-27 14:54:25 UTC
375,325,4.02837E+15,04/23,success,2012-03-27 14:54:25 UTC,2012-03-27 14:54:25 UTC
376,326,4.2199E+15,04/23,refunded,2012-03-27 14:54:25 UTC,2012-03-27 14:54:25 UTC
377,327,4.76871E+15,04/23,refunded,2012-03-27 14:54:25 UTC,2012-03-27 14:54:25 UTC
378,328,4.75327E+15,04/23,refunded,2012-03-27 14:54:25 UTC,2012-03-27 14:54:25 UTC
379,329,4.46235E+15,04/23,success,2012-03-27 14:54:25 UTC,2012-03-27 14:54:25 UTC
380,330,4.56163E+15,04/23,success,2012-03-27 14:54:25 UTC,2012-03-27 14:54:25 UTC
381,331,4.77423E+15,04/23,success,2012-03-27 14:54:26 UTC,2012-03-27 14:54:26 UTC
382,332,4.65667E+15,04/23,refunded,2012-03-27 14:54:26 UTC,2012-03-27 14:54:26 UTC
383,333,4.22263E+15,04/23,success,2012-03-27 14:54:26 UTC,2012-03-27 14:54:26 UTC
384,334,4.3546E+15,04/23,refunded,2012-03-27 14:54:26 UTC,2012-03-27 14:54:26 UTC
385,335,4.82499E+15,04/23,refunded,2012-03-27 14:54:26 UTC,2012-03-27 14:54:26 UTC
386,336,4.13965E+15,04/23,refunded,2012-03-27 14:54:26 UTC,2012-03-27 14:54:26 UTC
387,337,4.64562E+15,04/23,failed,2012-03-27 14:54:26 UTC,2012-03-27 14:54:26 UTC
388,337,4.7486E+15,04/23,failed,2012-03-27 14:54:26 UTC,2012-03-27 14:54:26 UTC
389,338,4.44906E+15,04/23,success,2012-03-27 14:54:26 UTC,2012-03-27 14:54:26 UTC
390,339,4.48428E+15,04/23,success,2012-03-27 14:54:26 UTC,2012-03-27 14:54:26 UTC
391,340,4.78101E+15,04/23,failed,2012-03-27 14:54:26 UTC,2012-03-27 14:54:26 UTC
392,340,4.81393E+15,04/23,failed,2012-03-27 14:54:26 UTC,2012-03-27 14:54:26 UTC
393,340,4.76733E+15,04/23,success,2012-03-27 14:54:26 UTC,2012-03-27 14:54:26 UTC
394,341,4.02033E+15,04/23,refunded,2012-03-27 14:54:26 UTC,2012-03-27 14:54:26 UTC
395,341,4.35449E+15,04/23,refunded,2012-03-27 14:54:26 UTC,2012-03-27 14:54:26 UTC
396,341,4.79E+15,04/23,refunded,2012-03-27 14:54:26 UTC,2012-03-27 14:54:26 UTC
397,342,4.91612E+15,04/23,refunded,2012-03-27 14:54:26 UTC,2012-03-27 14:54:26 UTC
398,343,4.9805E+15,04/23,failed,2012-03-27 14:54:26 UTC,2012-03-27 14:54:26 UTC
399,343,4.10191E+15,04/23,success,2012-03-27 14:54:26 UTC,2012-03-27 14:54:26 UTC
400,344,4.51917E+15,04/23,success,2012-03-27 14:54:26 UTC,2012-03-27 14:54:26 UTC
401,345,4.816E+15,04/23,refunded,2012-03-27 14:54:26 UTC,2012-03-27 14:54:26 UTC
402,346,4.58223E+15,04/23,success,2012-03-27 14:54:26 UTC,2012-03-27 14:54:26 UTC
403,347,4.94285E+15,04/23,refunded,2012-03-27 14:54:26 UTC,2012-03-27 14:54:26 UTC
404,348,4.96892E+15,04/23,success,2012-03-27 14:54:26 UTC,2012-03-27 14:54:26 UTC
405,350,4.91185E+15,04/23,success,2012-03-27 14:54:26 UTC,2012-03-27 14:54:26 UTC
406,351,4.70173E+15,04/23,success,2012-03-27 14:54:26 UTC,2012-03-27 14:54:26 UTC
407,352,4.33057E+15,04/23,success,2012-03-27 14:54:26 UTC,2012-03-27 14:54:26 UTC
408,353,4.30003E+15,04/23,success,2012-03-27 14:54:27 UTC,2012-03-27 14:54:27 UTC
409,354,4.90072E+15,04/23,refunded,2012-03-27 14:54:27 UTC,2012-03-27 14:54:27 UTC
410,355,4.33221E+15,04/23,success,2012-03-27 14:54:27 UTC,2012-03-27 14:54:27 UTC
411,356,4.1252E+15,04/23,success,2012-03-27 14:54:27 UTC,2012-03-27 14:54:27 UTC
412,357,4.54556E+15,04/23,refunded,2012-03-27 14:54:27 UTC,2012-03-27 14:54:27 UTC
413,357,4.72762E+15,04/23,refunded,2012-03-27 14:54:27 UTC,2012-03-27 14:54:27 UTC
414,358,4.1335E+15,04/23,failed,2012-03-27 14:54:27 UTC,2012-03-27 14:54:27 UTC
415,358,4.88368E+15,04/23,success,2012-03-27 14:54:27 UTC,2012-03-27 14:54:27 UTC
416,359,4.25132E+15,04/23,refunded,2012-03-27 14:54:27 UTC,2012-03-27 14:54:27 UTC
417,360,4.32654E+15,04/23,refunded,2012-03-27 14:54:27 UTC,2012-03-27 14:54:27 UTC
418,361,4.16271E+15,04/23,success,2012-03-27 14:54:27 UTC,2012-03-27 14:54:27 UTC
419,362,4.5655E+15,04/23,refunded,2012-03-27 14:54:27 UTC,2012-03-27 14:54:27 UTC
420,363,4.89694E+15,04/23,refunded,2012-03-27 14:54:27 UTC,2012-03-27 14:54:27 UTC
421,364,4.32385E+15,04/23,success,2012-03-27 14:54:27 UTC,2012-03-27 14:54:27 UTC
422,365,4.10485E+15,04/23,failed,2012-03-27 14:54:27 UTC,2012-03-27 14:54:27 UTC
423,365,4.56556E+15,04/23,failed,2012-03-27 14:54:27 UTC,2012-03-27 14:54:27 UTC
424,365,4.4428E+15,04/23,success,2012-03-27 14:54:27 UTC,2012-03-27 14:54:27 UTC
425,366,4.30371E+15,04/23,refunded,2012-03-27 14:54:27 UTC,2012-03-27 14:54:27 UTC
426,367,4.42507E+15,04/23,success,2012-03-27 14:54:27 UTC,2012-03-27 14:54:27 UTC
427,368,4.05325E+15,04/23,refunded,2012-03-27 14:54:27 UTC,2012-03-27 14:54:27 UTC
428,369,4.39818E+15,04/23,refunded,2012-03-27 14:54:27 UTC,2012-03-27 14:54:27 UTC
429,370,4.65978E+15,04/23,success,2012-03-27 14:54:27 UTC,2012-03-27 14:54:27 UTC
430,371,4.92639E+15,04/23,refunded,2012-03-27 14:54:27 UTC,2012-03-27 14:54:27 UTC
431,371,4.43891E+15,04/23,refunded,2012-03-27 14:54:27 UTC,2012-03-27 14:54:27 UTC
432,372,4.16794E+15,04/23,refunded,2012-03-27 14:54:27 UTC,2012-03-27 14:54:27 UTC
433,373,4.40953E+15,04/23,success,2012-03-27 14:54:27 UTC,2012-03-27 14:54:27 UTC
434,375,4.80786E+15,04/23,refunded,2012-03-27 14:54:28 UTC,2012-03-27 14:54:28 UTC
435,376,4.77828E+15,04/23,success,2012-03-27 14:54:28 UTC,2012-03-27 14:54:28 UTC
436,377,4.73756E+15,04/23,success,2012-03-27 14:54:28 UTC,2012-03-27 14:54:28 UTC
437,378,4.35569E+15,04/23,success,2012-03-27 14:54:28 UTC,2012-03-27 14:54:28 UTC
438,379,4.54225E+15,04/23,success,2012-03-27 14:54:28 UTC,2012-03-27 14:54:28 UTC
439,380,4.96759E+15,04/23,refunded,2012-03-27 14:54:28 UTC,2012-03-27 14:54:28 UTC
440,380,4.31735E+15,04/23,refunded,2012-03-27 14:54:28 UTC,2012-03-27 14:54:28 UTC
441,380,4.63338E+15,04/23,refunded,2012-03-27 14:54:28 UTC,2012-03-27 14:54:28 UTC
442,381,4.52066E+15,04/23,success,2012-03-27 14:54:28 UTC,2012-03-27 14:54:28 UTC
443,382,4.0366E+15,04/23,success,2012-03-27 14:54:28 UTC,2012-03-27 14:54:28 UTC
444,383,4.33161E+15,04/23,success,2012-03-27 14:54:28 UTC,2012-03-27 14:54:28 UTC
445,384,4.17487E+15,04/23,success,2012-03-27 14:54:28 UTC,2012-03-27 14:54:28 UTC
446,385,4.7496E+15,04/23,success,2012-03-27 14:54:28 UTC,2012-03-27 14:54:28 UTC
447,386,4.04948E+15,04/23,success,2012-03-27 14:54:28 UTC,2012-03-27 14:54:28 UTC
448,387,4.18117E+15,04/23,success,2012-03-27 14:54:28 UTC,2012-03-27 14:54:28 UTC
449,388,4.22101E+15,04/23,success,2012-03-27 14:54:28 UTC,2012-03-27 14:54:28 UTC
450,389,4.81588E+15,04/23,success,2012-03-27 14:54:28 UTC,2012-03-27 14:54:28 UTC
451,390,4.39014E+15,04/23,refunded,2012-03-27 14:54:28 UTC,2012-03-27 14:54:28 UTC
452,391,4.39907E+15,04/23,refunded,2012-03-27 14:54:28 UTC,2012-03-27 14:54:28 UTC
453,392,4.10318E+15,04/23,success,2012-03-27 14:54:28 UTC,2012-03-27 14:54:28 UTC
454,393,4.9662E+15,04/23,refunded,2012-03-27 14:54:28 UTC,2012-03-27 14:54:28 UTC
455,393,4.76188E+15,04/23,refunded,2012-03-27 14:54:28 UTC,2012-03-27 14:54:28 UTC
456,394,4.55533E+15,04/23,success,2012-03-27 14:54:29 UTC,2012-03-27 14:54:29 UTC
457,395,4.9261E+15,04/23,refunded,2012-03-27 14:54:29 UTC,2012-03-27 14:54:29 UTC
458,396,4.73061E+15,04/23,refunded,2012-03-27 14:54:29 UTC,2012-03-27 14:54:29 UTC
459,397,4.87187E+15,04/23,success,2012-03-27 14:54:29 UTC,2012-03-27 14:54:29 UTC
460,398,4.68648E+15,04/23,refunded,2012-03-27 14:54:29 UTC,2012-03-27 14:54:29 UTC
461,399,4.2646E+15,04/23,success,2012-03-27 14:54:29 UTC,2012-03-27 14:54:29 UTC
462,400,4.13986E+15,04/23,success,2012-03-27 14:54:29 UTC,2012-03-27 14:54:29 UTC
463,401,4.63066E+15,04/23,refunded,2012-03-27 14:54:29 UTC,2012-03-27 14:54:29 UTC
464,402,4.99279E+15,04/23,success,2012-03-27 14:54:29 UTC,2012-03-27 14:54:29 UTC
465,403,4.23741E+15,04/23,success,2012-03-27 14:54:29 UTC,2012-03-27 14:54:29 UTC
466,404,4.67091E+15,04/23,success,2012-03-27 14:54:29 UTC,2012-03-27 14:54:29 UTC
467,405,4.98227E+15,04/23,refunded,2012-03-27 14:54:29 UTC,2012-03-27 14:54:29 UTC
468,406,4.40908E+15,04/23,success,2012-03-27 14:54:29 UTC,2012-03-27 14:54:29 UTC
469,407,4.77211E+15,04/23,success,2012-03-27 14:54:29 UTC,2012-03-27 14:54:29 UTC
470,408,4.57603E+15,04/23,success,2012-03-27 14:54:29 UTC,2012-03-27 14:54:29 UTC
471,409,4.17933E+15,04/23,failed,2012-03-27 14:54:29 UTC,2012-03-27 14:54:29 UTC
472,409,4.17045E+15,04/23,failed,2012-03-27 14:54:29 UTC,2012-03-27 14:54:29 UTC
473,410,4.18904E+15,04/23,failed,2012-03-27 14:54:30 UTC,2012-03-27 14:54:30 UTC
474,410,4.5575E+15,04/23,success,2012-03-27 14:54:30 UTC,2012-03-27 14:54:30 UTC
475,411,4.24202E+15,04/23,success,2012-03-27 14:54:30 UTC,2012-03-27 14:54:30 UTC
476,412,4.00682E+15,04/23,failed,2012-03-27 14:54:30 UTC,2012-03-27 14:54:30 UTC
477,412,4.01186E+15,04/23,failed,2012-03-27 14:54:30 UTC,2012-03-27 14:54:30 UTC
478,412,4.28431E+15,04/23,success,2012-03-27 14:54:30 UTC,2012-03-27 14:54:30 UTC
479,413,4.74306E+15,04/23,refunded,2012-03-27 14:54:30 UTC,2012-03-27 14:54:30 UTC
480,414,4.8458E+15,04/23,success,2012-03-27 14:54:30 UTC,2012-03-27 14:54:30 UTC
481,415,4.78883E+15,04/23,success,2012-03-27 14:54:30 UTC,2012-03-27 14:54:30 UTC
482,416,4.75069E+15,04/23,refunded,2012-03-27 14:54:30 UTC,2012-03-27 14:54:30 UTC
483,417,4.05883E+15,04/23,failed,2012-03-27 14:54:30 UTC,2012-03-27 14:54:30 UTC
484,417,4.00406E+15,04/23,success,2012-03-27 14:54:30 UTC,2012-03-27 14:54:30 UTC
485,418,4.37833E+15,04/23,failed,2012-03-27 14:54:30 UTC,2012-03-27 14:54:30 UTC
486,418,4.68108E+15,04/23,failed,2012-03-27 14:54:30 UTC,2012-03-27 14:54:30 UTC
487,418,4.42393E+15,04/23,success,2012-03-27 14:54:30 UTC,2012-03-27 14:54:30 UTC
488,419,4.71155E+15,04/23,success,2012-03-27 14:54:30 UTC,2012-03-27 14:54:30 UTC
489,420,4.05194E+15,04/23,refunded,2012-03-27 14:54:30 UTC,2012-03-27 14:54:30 UTC
490,421,4.84708E+15,04/23,success,2012-03-27 14:54:30 UTC,2012-03-27 14:54:30 UTC
491,422,4.65019E+15,04/23,success,2012-03-27 14:54:30 UTC,2012-03-27 14:54:30 UTC
492,423,4.30468E+15,04/23,success,2012-03-27 14:54:30 UTC,2012-03-27 14:54:30 UTC
493,424,4.2556E+15,04/23,success,2012-03-27 14:54:30 UTC,2012-03-27 14:54:30 UTC
494,425,4.43981E+15,04/23,success,2012-03-27 14:54:30 UTC,2012-03-27 14:54:30 UTC
495,426,4.86924E+15,04/23,success,2012-03-27 14:54:30 UTC,2012-03-27 14:54:30 UTC
496,427,4.88216E+15,04/23,success,2012-03-27 14:54:30 UTC,2012-03-27 14:54:30 UTC
497,428,4.96538E+15,04/23,success,2012-03-27 14:54:31 UTC,2012-03-27 14:54:31 UTC
498,429,4.5513E+15,04/23,success,2012-03-27 14:54:31 UTC,2012-03-27 14:54:31 UTC
499,430,4.70728E+15,04/23,failed,2012-03-27 14:54:31 UTC,2012-03-27 14:54:31 UTC
500,430,4.96509E+15,04/23,failed,2012-03-27 14:54:31 UTC,2012-03-27 14:54:31 UTC
501,430,4.0364E+15,04/23,success,2012-03-27 14:54:31 UTC,2012-03-27 14:54:31 UTC
502,431,4.77898E+15,04/23,success,2012-03-27 14:54:31 UTC,2012-03-27 14:54:31 UTC
503,432,4.8706E+15,04/23,success,2012-03-27 14:54:31 UTC,2012-03-27 14:54:31 UTC
504,433,4.07344E+15,04/23,success,2012-03-27 14:54:31 UTC,2012-03-27 14:54:31 UTC
505,435,4.05214E+15,04/23,success,2012-03-27 14:54:31 UTC,2012-03-27 14:54:31 UTC
506,436,4.83833E+15,04/23,refunded,2012-03-27 14:54:31 UTC,2012-03-27 14:54:31 UTC
507,437,4.10438E+15,04/23,refunded,2012-03-27 14:54:31 UTC,2012-03-27 14:54:31 UTC
508,438,4.69814E+15,04/23,success,2012-03-27 14:54:31 UTC,2012-03-27 14:54:31 UTC
509,439,4.21934E+15,04/23,success,2012-03-27 14:54:31 UTC,2012-03-27 14:54:31 UTC
510,440,4.28682E+15,04/23,success,2012-03-27 14:54:31 UTC,2012-03-27 14:54:31 UTC
511,441,4.55369E+15,04/23,refunded,2012-03-27 14:54:31 UTC,2012-03-27 14:54:31 UTC
512,442,4.27129E+15,04/23,success,2012-03-27 14:54:31 UTC,2012-03-27 14:54:31 UTC
513,443,4.72794E+15,04/23,success,2012-03-27 14:54:31 UTC,2012-03-27 14:54:31 UTC
514,444,4.1248E+15,04/23,success,2012-03-27 14:54:31 UTC,2012-03-27 14:54:31 UTC
515,445,4.91261E+15,04/23,success,2012-03-27 14:54:31 UTC,2012-03-27 14:54:31 UTC
516,446,4.12725E+15,04/23,success,2012-03-27 14:54:31 UTC,2012-03-27 14:54:31 UTC
517,447,4.09362E+15,04/23,failed,2012-03-27 14:54:31 UTC,2012-03-27 14:54:31 UTC
518,447,4.77632E+15,04/23,failed,2012-03-27 14:54:31 UTC,2012-03-27 14:54:31 UTC
519,447,4.54268E+15,04/23,success,2012-03-27 14:54:31 UTC,2012-03-27 14:54:31 UTC
520,448,4.41812E+15,04/23,success,2012-03-27 14:54:31 UTC,2012-03-27 14:54:31 UTC
521,449,4.87441E+15,04/23,refunded,2012-03-27 14:54:32 UTC,2012-03-27 14:54:32 UTC
522,450,4.86461E+15,04/23,refunded,2012-03-27 14:54:32 UTC,2012-03-27 14:54:32 UTC
523,451,4.6546E+15,04/23,refunded,2012-03-27 14:54:32 UTC,2012-03-27 14:54:32 UTC
524,452,4.98568E+15,04/23,failed,2012-03-27 14:54:32 UTC,2012-03-27 14:54:32 UTC
525,452,4.91313E+15,04/23,failed,2012-03-27 14:54:32 UTC,2012-03-27 14:54:32 UTC
526,452,4.3632E+15,04/23,success,2012-03-27 14:54:32 UTC,2012-03-27 14:54:32 UTC
527,453,4.8237E+15,04/23,refunded,2012-03-27 14:54:32 UTC,2012-03-27 14:54:32 UTC
528,453,4.65937E+15,04/23,refunded,2012-03-27 14:54:32 UTC,2012-03-27 14:54:32 UTC
529,454,4.98302E+15,04/23,success,2012-03-27 14:54:32 UTC,2012-03-27 14:54:32 UTC
530,455,4.72826E+15,04/23,success,2012-03-27 14:54:32 UTC,2012-03-27 14:54:32 UTC
531,456,4.57763E+15,04/23,refunded,2012-03-27 14:54:32 UTC,2012-03-27 14:54:32 UTC
532,456,4.86248E+15,04/23,refunded,2012-03-27 14:54:32 UTC,2012-03-27 14:54:32 UTC
533,456,4.9501E+15,04/23,refunded,2012-03-27 14:54:32 UTC,2012-03-27 14:54:32 UTC
534,457,4.76016E+15,04/23,success,2012-03-27 14:54:32 UTC,2012-03-27 14:54:32 UTC
535,458,4.67388E+15,04/23,success,2012-03-27 14:54:32 UTC,2012-03-27 14:54:32 UTC
536,459,4.34729E+15,04/23,success,2012-03-27 14:54:32 UTC,2012-03-27 14:54:32 UTC
537,460,4.07225E+15,04/23,failed,2012-03-27 14:54:32 UTC,2012-03-27 14:54:32 UTC
538,461,4.11295E+15,04/23,refunded,2012-03-27 14:54:32 UTC,2012-03-27 14:54:32 UTC
539,462,4.07417E+15,04/23,refunded,2012-03-27 14:54:32 UTC,2012-03-27 14:54:32 UTC
540,463,4.66109E+15,04/23,success,2012-03-27 14:54:32 UTC,2012-03-27 14:54:32 UTC
541,464,4.04203E+15,04/23,success,2012-03-27 14:54:32 UTC,2012-03-27 14:54:32 UTC
542,465,4.67787E+15,04/23,refunded,2012-03-27 14:54:32 UTC,2012-03-27 14:54:32 UTC
543,466,4.3848E+15,04/23,refunded,2012-03-27 14:54:32 UTC,2012-03-27 14:54:32 UTC
544,467,4.49414E+15,04/23,success,2012-03-27 14:54:32 UTC,2012-03-27 14:54:32 UTC
545,468,4.59945E+15,04/23,success,2012-03-27 14:54:32 UTC,2012-03-27 14:54:32 UTC
546,469,4.24048E+15,04/23,refunded,2012-03-27 14:54:32 UTC,2012-03-27 14:54:32 UTC
547,470,4.00808E+15,04/23,success,2012-03-27 14:54:32 UTC,2012-03-27 14:54:32 UTC
548,471,4.93931E+15,04/23,refunded,2012-03-27 14:54:33 UTC,2012-03-27 14:54:33 UTC
549,472,4.93318E+15,04/23,success,2012-03-27 14:54:33 UTC,2012-03-27 14:54:33 UTC
550,473,4.87503E+15,04/23,success,2012-03-27 14:54:33 UTC,2012-03-27 14:54:33 UTC
551,474,4.31379E+15,04/23,success,2012-03-27 14:54:33 UTC,2012-03-27 14:54:33 UTC
552,475,4.34951E+15,04/23,success,2012-03-27 14:54:33 UTC,2012-03-27 14:54:33 UTC
553,476,4.20177E+15,04/23,success,2012-03-27 14:54:33 UTC,2012-03-27 14:54:33 UTC
554,477,4.92414E+15,04/23,failed,2012-03-27 14:54:33 UTC,2012-03-27 14:54:33 UTC
555,477,4.833E+15,04/23,failed,2012-03-27 14:54:33 UTC,2012-03-27 14:54:33 UTC
556,477,4.59139E+15,04/23,success,2012-03-27 14:54:33 UTC,2012-03-27 14:54:33 UTC
557,478,4.97444E+15,04/23,success,2012-03-27 14:54:33 UTC,2012-03-27 14:54:33 UTC
558,479,4.56659E+15,04/23,refunded,2012-03-27 14:54:33 UTC,2012-03-27 14:54:33 UTC
559,480,4.27816E+15,04/23,success,2012-03-27 14:54:33 UTC,2012-03-27 14:54:33 UTC
560,481,4.75748E+15,04/23,refunded,2012-03-27 14:54:33 UTC,2012-03-27 14:54:33 UTC
561,481,4.79329E+15,04/23,refunded,2012-03-27 14:54:33 UTC,2012-03-27 14:54:33 UTC
562,481,4.70948E+15,04/23,refunded,2012-03-27 14:54:33 UTC,2012-03-27 14:54:33 UTC
563,482,4.4741E+15,04/23,refunded,2012-03-27 14:54:33 UTC,2012-03-27 14:54:33 UTC
564,483,4.6147E+15,04/23,success,2012-03-27 14:54:33 UTC,2012-03-27 14:54:33 UTC
565,484,4.09597E+15,04/23,failed,2012-03-27 14:54:33 UTC,2012-03-27 14:54:33 UTC
566,484,4.23368E+15,04/23,failed,2012-03-27 14:54:33 UTC,2012-03-27 14:54:33 UTC
567,484,4.90971E+15,04/23,success,2012-03-27 14:54:33 UTC,2012-03-27 14:54:33 UTC
568,485,4.80174E+15,04/23,failed,2012-03-27 14:54:33 UTC,2012-03-27 14:54:33 UTC
569,485,4.32863E+15,04/23,success,2012-03-27 14:54:33 UTC,2012-03-27 14:54:33 UTC
570,486,4.09508E+15,04/23,failed,2012-03-27 14:54:33 UTC,2012-03-27 14:54:33 UTC
571,486,4.61558E+15,04/23,failed,2012-03-27 14:54:33 UTC,2012-03-27 14:54:33 UTC
572,486,4.66633E+15,04/23,success,2012-03-27 14:54:33 UTC,2012-03-27 14:54:33 UTC
573,487,4.81349E+15,04/23,refunded,2012-03-27 14:54:33 UTC,2012-03-27 14:54:33 UTC
574,488,4.03881E+15,04/23,success,2012-03-27 14:54:33 UTC,2012-03-27 14:54:33 UTC
575,489,4.40587E+15,04/23,failed,2012-03-27 14:54:33 UTC,2012-03-27 14:54:33 UTC
576,489,4.27941E+15,04/23,failed,2012-03-27 14:54:33 UTC,2012-03-27 14:54:33 UTC
577,489,4.62932E+15,04/23,success,2012-03-27 14:54:33 UTC,2012-03-27 14:54:33 UTC
578,490,4.72471E+15,04/23,refunded,2012-03-27 14:54:33 UTC,2012-03-27 14:54:33 UTC
579,491,4.28433E+15,04/23,refunded,2012-03-27 14:54:33 UTC,2012-03-27 14:54:33 UTC
580,492,4.14497E+15,04/23,refunded,2012-03-27 14:54:34 UTC,2012-03-27 14:54:34 UTC
581,493,4.89044E+15,04/23,refunded,2012-03-27 14:54:34 UTC,2012-03-27 14:54:34 UTC
582,494,4.00452E+15,04/23,success,2012-03-27 14:54:34 UTC,2012-03-27 14:54:34 UTC
583,495,4.80689E+15,04/23,success,2012-03-27 14:54:34 UTC,2012-03-27 14:54:34 UTC
584,496,4.404E+15,04/23,success,2012-03-27 14:54:34 UTC,2012-03-27 14:54:34 UTC
585,497,4.51022E+15,04/23,success,2012-03-27 14:54:34 UTC,2012-03-27 14:54:34 UTC
586,498,4.75813E+15,04/23,refunded,2012-03-27 14:54:34 UTC,2012-03-27 14:54:34 UTC
587,499,4.48893E+15,04/23,refunded,2012-03-27 14:54:34 UTC,2012-03-27 14:54:34 UTC
588,500,4.55584E+15,04/23,refunded,2012-03-27 14:54:34 UTC,2012-03-27 14:54:34 UTC
589,500,4.45014E+15,04/23,refunded,2012-03-27 14:54:34 UTC,2012-03-27 14:54:34 UTC
590,500,4.10788E+15,04/23,refunded,2012-03-27 14:54:34 UTC,2012-03-27 14:54:34 UTC
591,501,4.30631E+15,04/23,success,2012-03-27 14:54:34 UTC,2012-03-27 14:54:34 UTC
592,502,4.02975E+15,04/23,failed,2012-03-27 14:54:34 UTC,2012-03-27 14:54:34 UTC
593,502,4.53496E+15,04/23,success,2012-03-27 14:54:34 UTC,2012-03-27 14:54:34 UTC
594,503,4.04253E+15,04/23,refunded,2012-03-27 14:54:34 UTC,2012-03-27 14:54:34 UTC
595,505,4.44633E+15,04/23,refunded,2012-03-27 14:54:34 UTC,2012-03-27 14:54:34 UTC
596,505,4.05234E+15,04/23,refunded,2012-03-27 14:54:34 UTC,2012-03-27 14:54:34 UTC
597,505,4.73806E+15,04/23,refunded,2012-03-27 14:54:34 UTC,2012-03-27 14:54:34 UTC
598,506,4.5634E+15,04/23,refunded,2012-03-27 14:54:34 UTC,2012-03-27 14:54:34 UTC
599,506,4.3479E+15,04/23,refunded,2012-03-27 14:54:34 UTC,2012-03-27 14:54:34 UTC
600,507,4.39737E+15,04/23,success,2012-03-27 14:54:34 UTC,2012-03-27 14:54:34 UTC
601,508,4.67731E+15,04/23,refunded,2012-03-27 14:54:34 UTC,2012-03-27 14:54:34 UTC
602,509,4.16633E+15,04/23,refunded,2012-03-27 14:54:34 UTC,2012-03-27 14:54:34 UTC
603,510,4.602E+15,04/23,success,2012-03-27 14:54:34 UTC,2012-03-27 14:54:34 UTC
604,511,4.50657E+15,04/23,success,2012-03-27 14:54:34 UTC,2012-03-27 14:54:34 UTC
605,512,4.94545E+15,04/23,refunded,2012-03-27 14:54:35 UTC,2012-03-27 14:54:35 UTC
606,513,4.20328E+15,04/23,success,2012-03-27 14:54:35 UTC,2012-03-27 14:54:35 UTC
607,514,4.29869E+15,04/23,refunded,2012-03-27 14:54:35 UTC,2012-03-27 14:54:35 UTC
608,514,4.5596E+15,04/23,refunded,2012-03-27 14:54:35 UTC,2012-03-27 14:54:35 UTC
609,514,4.19692E+15,04/23,refunded,2012-03-27 14:54:35 UTC,2012-03-27 14:54:35 UTC
610,515,4.25535E+15,04/23,refunded,2012-03-27 14:54:35 UTC,2012-03-27 14:54:35 UTC
611,516,4.05435E+15,04/23,success,2012-03-27 14:54:35 UTC,2012-03-27 14:54:35 UTC
612,517,4.06342E+15,04/23,success,2012-03-27 14:54:35 UTC,2012-03-27 14:54:35 UTC
613,518,4.22026E+15,04/23,failed,2012-03-27 14:54:35 UTC,2012-03-27 14:54:35 UTC
614,518,4.78854E+15,04/23,failed,2012-03-27 14:54:35 UTC,2012-03-27 14:54:35 UTC
615,518,4.77793E+15,04/23,success,2012-03-27 14:54:35 UTC,2012-03-27 14:54:35 UTC
616,519,4.69815E+15,04/23,success,2012-03-27 14:54:35 UTC,2012-03-27 14:54:35 UTC
617,520,4.26198E+15,04/23,success,2012-03-27 14:54:35 UTC,2012-03-27 14:54:35 UTC
618,521,4.04415E+15,04/23,success,2012-03-27 14:54:35 UTC,2012-03-27 14:54:35 UTC
619,522,4.71421E+15,04/23,failed,2012-03-27 14:54:35 UTC,2012-03-27 14:54:35 UTC
620,522,4.7521E+15,04/23,failed,2012-03-27 14:54:35 UTC,2012-03-27 14:54:35 UTC
621,522,4.33096E+15,04/23,success,2012-03-27 14:54:35 UTC,2012-03-27 14:54:35 UTC
622,523,4.33649E+15,04/23,success,2012-03-27 14:54:35 UTC,2012-03-27 14:54:35 UTC
623,524,4.71278E+15,04/23,success,2012-03-27 14:54:35 UTC,2012-03-27 14:54:35 UTC
624,525,4.94368E+15,04/23,success,2012-03-27 14:54:35 UTC,2012-03-27 14:54:35 UTC
625,526,4.17089E+15,04/23,success,2012-03-27 14:54:35 UTC,2012-03-27 14:54:35 UTC
626,527,4.54782E+15,04/23,success,2012-03-27 14:54:35 UTC,2012-03-27 14:54:35 UTC
627,528,4.96632E+15,04/23,success,2012-03-27 14:54:35 UTC,2012-03-27 14:54:35 UTC
628,529,4.67873E+15,04/23,success,2012-03-27 14:54:35 UTC,2012-03-27 14:54:35 UTC
629,530,4.64348E+15,04/23,refunded,2012-03-27 14:54:35 UTC,2012-03-27 14:54:35 UTC
630,531,4.8665E+15,04/23,success,2012-03-27 14:54:35 UTC,2012-03-27 14:54:35 UTC
631,532,4.49585E+15,04/23,success,2012-03-27 14:54:35 UTC,2012-03-27 14:54:35 UTC
632,533,4.18514E+15,04/23,success,2012-03-27 14:54:35 UTC,2012-03-27 14:54:35 UTC
633,534,4.80519E+15,04/23,success,2012-03-27 14:54:35 UTC,2012-03-27 14:54:35 UTC
634,535,4.12068E+15,04/23,failed,2012-03-27 14:54:35 UTC,2012-03-27 14:54:35 UTC
635,535,4.08681E+15,04/23,success,2012-03-27 14:54:35 UTC,2012-03-27 14:54:35 UTC
636,536,4.68888E+15,04/23,success,2012-03-27 14:54:35 UTC,2012-03-27 14:54:35 UTC
637,537,4.95244E+15,04/23,refunded,2012-03-27 14:54:35 UTC,2012-03-27 14:54:35 UTC
638,538,4.64203E+15,04/23,failed,2012-03-27 14:54:36 UTC,2012-03-27 14:54:36 UTC
639,538,4.26753E+15,04/23,success,2012-03-27 14:54:36 UTC,2012-03-27 14:54:36 UTC
640,539,4.42363E+15,04/23,success,2012-03-27 14:54:36 UTC,2012-03-27 14:54:36 UTC
641,540,4.85212E+15,04/23,success,2012-03-27 14:54:36 UTC,2012-03-27 14:54:36 UTC
642,541,4.46385E+15,04/23,refunded,2012-03-27 14:54:36 UTC,2012-03-27 14:54:36 UTC
643,542,4.30774E+15,04/23,success,2012-03-27 14:54:36 UTC,2012-03-27 14:54:36 UTC
644,543,4.94274E+15,04/23,success,2012-03-27 14:54:36 UTC,2012-03-27 14:54:36 UTC
645,544,4.19225E+15,04/23,success,2012-03-27 14:54:36 UTC,2012-03-27 14:54:36 UTC
646,545,4.4621E+15,04/23,success,2012-03-27 14:54:36 UTC,2012-03-27 14:54:36 UTC
647,546,4.99574E+15,04/23,success,2012-03-27 14:54:36 UTC,2012-03-27 14:54:36 UTC
648,547,4.51557E+15,04/23,refunded,2012-03-27 14:54:36 UTC,2012-03-27 14:54:36 UTC
649,548,4.77384E+15,04/23,success,2012-03-27 14:54:36 UTC,2012-03-27 14:54:36 UTC
650,549,4.24144E+15,04/23,failed,2012-03-27 14:54:36 UTC,2012-03-27 14:54:36 UTC
651,550,4.57029E+15,04/23,success,2012-03-27 14:54:36 UTC,2012-03-27 14:54:36 UTC
652,551,4.86599E+15,04/23,success,2012-03-27 14:54:36 UTC,2012-03-27 14:54:36 UTC
653,552,4.35365E+15,04/23,success,2012-03-27 14:54:36 UTC,2012-03-27 14:54:36 UTC
654,553,4.59479E+15,04/23,success,2012-03-27 14:54:36 UTC,2012-03-27 14:54:36 UTC
655,554,4.30557E+15,04/23,success,2012-03-27 14:54:36 UTC,2012-03-27 14:54:36 UTC
656,555,4.48431E+15,04/23,refunded,2012-03-27 14:54:36 UTC,2012-03-27 14:54:36 UTC
657,556,4.65075E+15,04/23,success,2012-03-27 14:54:36 UTC,2012-03-27 14:54:36 UTC
658,557,4.67158E+15,04/23,success,2012-03-27 14:54:36 UTC,2012-03-27 14:54:36 UTC
659,558,4.84337E+15,04/23,success,2012-03-27 14:54:36 UTC,2012-03-27 14:54:36 UTC
660,559,4.31699E+15,04/23,refunded,2012-03-27 14:54:36 UTC,2012-03-27 14:54:36 UTC
661,560,4.13216E+15,04/23,refunded,2012-03-27 14:54:36 UTC,2012-03-27 14:54:36 UTC
662,561,4.83165E+15,04/23,success,2012-03-27 14:54:36 UTC,2012-03-27 14:54:36 UTC
663,562,4.17167E+15,04/23,success,2012-03-27 14:54:37 UTC,2012-03-27 14:54:37 UTC
664,563,4.27771E+15,04/23,refunded,2012-03-27 14:54:37 UTC,2012-03-27 14:54:37 UTC
665,564,4.85007E+15,04/23,success,2012-03-27 14:54:37 UTC,2012-03-27 14:54:37 UTC
666,565,4.16875E+15,04/23,success,2012-03-27 14:54:37 UTC,2012-03-27 14:54:37 UTC
667,566,4.63493E+15,04/23,success,2012-03-27 14:54:37 UTC,2012-03-27 14:54:37 UTC
668,567,4.36672E+15,04/23,success,2012-03-27 14:54:37 UTC,2012-03-27 14:54:37 UTC
669,568,4.4E+15,04/23,success,2012-03-27 14:54:37 UTC,2012-03-27 14:54:37 UTC
670,569,4.03258E+15,04/23,success,2012-03-27 14:54:37 UTC,2012-03-27 14:54:37 UTC
671,570,4.4662E+15,04/23,success,2012-03-27 14:54:37 UTC,2012-03-27 14:54:37 UTC
672,571,4.50937E+15,04/23,success,2012-03-27 14:54:37 UTC,2012-03-27 14:54:37 UTC
673,572,4.83253E+15,04/23,refunded,2012-03-27 14:54:37 UTC,2012-03-27 14:54:37 UTC
674,573,4.81543E+15,04/23,refunded,2012-03-27 14:54:37 UTC,2012-03-27 14:54:37 UTC
675,574,4.89896E+15,04/23,refunded,2012-03-27 14:54:37 UTC,2012-03-27 14:54:37 UTC
676,575,4.0756E+15,04/23,refunded,2012-03-27 14:54:37 UTC,2012-03-27 14:54:37 UTC
677,576,4.07876E+15,04/23,refunded,2012-03-27 14:54:37 UTC,2012-03-27 14:54:37 UTC
678,576,4.59028E+15,04/23,refunded,2012-03-27 14:54:37 UTC,2012-03-27 14:54:37 UTC
679,577,4.33542E+15,04/23,refunded,2012-03-27 14:54:37 UTC,2012-03-27 14:54:37 UTC
680,578,4.79475E+15,04/23,refunded,2012-03-27 14:54:37 UTC,2012-03-27 14:54:37 UTC
681,579,4.32366E+15,04/23,success,2012-03-27 14:54:37 UTC,2012-03-27 14:54:37 UTC
682,580,4.83288E+15,04/23,success,2012-03-27 14:54:37 UTC,2012-03-27 14:54:37 UTC
683,581,4.26581E+15,04/23,success,2012-03-27 14:54:37 UTC,2012-03-27 14:54:37 UTC
684,582,4.54678E+15,04/23,refunded,2012-03-27 14:54:38 UTC,2012-03-27 14:54:38 UTC
685,583,4.63551E+15,04/23,success,2012-03-27 14:54:38 UTC,2012-03-27 14:54:38 UTC
686,584,4.69956E+15,04/23,success,2012-03-27 14:54:38 UTC,2012-03-27 14:54:38 UTC
687,585,4.31751E+15,04/23,success,2012-03-27 14:54:38 UTC,2012-03-27 14:54:38 UTC
688,586,4.15187E+15,04/23,success,2012-03-27 14:54:38 UTC,2012-03-27 14:54:38 UTC
689,587,4.42868E+15,04/23,success,2012-03-27 14:54:38 UTC,2012-03-27 14:54:38 UTC
690,588,4.58557E+15,04/23,refunded,2012-03-27 14:54:38 UTC,2012-03-27 14:54:38 UTC
691,588,4.25243E+15,04/23,refunded,2012-03-27 14:54:38 UTC,2012-03-27 14:54:38 UTC
692,589,4.96755E+15,04/23,refunded,2012-03-27 14:54:38 UTC,2012-03-27 14:54:38 UTC
693,590,4.1401E+15,04/23,success,2012-03-27 14:54:38 UTC,2012-03-27 14:54:38 UTC
694,591,4.3268E+15,04/23,success,2012-03-27 14:54:38 UTC,2012-03-27 14:54:38 UTC
695,592,4.95446E+15,04/23,refunded,2012-03-27 14:54:38 UTC,2012-03-27 14:54:38 UTC
696,593,4.90464E+15,04/23,refunded,2012-03-27 14:54:38 UTC,2012-03-27 14:54:38 UTC
697,594,4.66431E+15,04/23,success,2012-03-27 14:54:38 UTC,2012-03-27 14:54:38 UTC
698,595,4.23181E+15,04/23,success,2012-03-27 14:54:38 UTC,2012-03-27 14:54:38 UTC
699,596,4.82667E+15,04/23,refunded,2012-03-27 14:54:38 UTC,2012-03-27 14:54:38 UTC
700,597,4.70073E+15,04/23,success,2012-03-27 14:54:38 UTC,2012-03-27 14:54:38 UTC
701,598,4.69096E+15,04/23,refunded,2012-03-27 14:54:38 UTC,2012-03-27 14:54:38 UTC
702,598,4.13049E+15,04/23,refunded,2012-03-27 14:54:38 UTC,2012-03-27 14:54:38 UTC
703,599,4.14635E+15,04/23,refunded,2012-03-27 14:54:38 UTC,2012-03-27 14:54:38 UTC
704,600,4.78262E+15,04/23,success,2012-03-27 14:54:38 UTC,2012-03-27 14:54:38 UTC
705,601,4.27814E+15,04/23,refunded,2012-03-27 14:54:39 UTC,2012-03-27 14:54:39 UTC
706,602,4.33901E+15,04/23,failed,2012-03-27 14:54:39 UTC,2012-03-27 14:54:39 UTC
707,602,4.57778E+15,04/23,failed,2012-03-27 14:54:39 UTC,2012-03-27 14:54:39 UTC
708,602,4.98191E+15,04/23,success,2012-03-27 14:54:39 UTC,2012-03-27 14:54:39 UTC
709,603,4.7216E+15,04/23,success,2012-03-27 14:54:39 UTC,2012-03-27 14:54:39 UTC
710,604,4.71098E+15,04/23,success,2012-03-27 14:54:39 UTC,2012-03-27 14:54:39 UTC
711,605,4.03826E+15,04/23,failed,2012-03-27 14:54:39 UTC,2012-03-27 14:54:39 UTC
712,605,4.10909E+15,04/23,success,2012-03-27 14:54:39 UTC,2012-03-27 14:54:39 UTC
713,606,4.53789E+15,04/23,refunded,2012-03-27 14:54:39 UTC,2012-03-27 14:54:39 UTC
714,606,4.14038E+15,04/23,refunded,2012-03-27 14:54:39 UTC,2012-03-27 14:54:39 UTC
715,607,4.71847E+15,04/23,refunded,2012-03-27 14:54:39 UTC,2012-03-27 14:54:39 UTC
716,608,4.25785E+15,04/23,success,2012-03-27 14:54:39 UTC,2012-03-27 14:54:39 UTC
717,609,4.81796E+15,04/23,refunded,2012-03-27 14:54:39 UTC,2012-03-27 14:54:39 UTC
718,610,4.20564E+15,04/23,failed,2012-03-27 14:54:39 UTC,2012-03-27 14:54:39 UTC
719,610,4.79634E+15,04/23,failed,2012-03-27 14:54:39 UTC,2012-03-27 14:54:39 UTC
720,611,4.88002E+15,04/23,success,2012-03-27 14:54:39 UTC,2012-03-27 14:54:39 UTC
721,612,4.00829E+15,04/23,refunded,2012-03-27 14:54:39 UTC,2012-03-27 14:54:39 UTC
722,613,4.77973E+15,04/23,success,2012-03-27 14:54:39 UTC,2012-03-27 14:54:39 UTC
723,614,4.09571E+15,04/23,success,2012-03-27 14:54:39 UTC,2012-03-27 14:54:39 UTC
724,615,4.12395E+15,04/23,success,2012-03-27 14:54:39 UTC,2012-03-27 14:54:39 UTC
725,616,4.11304E+15,04/23,failed,2012-03-27 14:54:39 UTC,2012-03-27 14:54:39 UTC
726,616,4.94274E+15,04/23,failed,2012-03-27 14:54:39 UTC,2012-03-27 14:54:39 UTC
727,616,4.02244E+15,04/23,success,2012-03-27 14:54:39 UTC,2012-03-27 14:54:39 UTC
728,617,4.29145E+15,04/23,failed,2012-03-27 14:54:39 UTC,2012-03-27 14:54:39 UTC
729,617,4.91221E+15,04/23,failed,2012-03-27 14:54:39 UTC,2012-03-27 14:54:39 UTC
730,618,4.63039E+15,04/23,failed,2012-03-27 14:54:39 UTC,2012-03-27 14:54:39 UTC
731,618,4.35129E+15,04/23,failed,2012-03-27 14:54:39 UTC,2012-03-27 14:54:39 UTC
732,618,4.86678E+15,04/23,success,2012-03-27 14:54:39 UTC,2012-03-27 14:54:39 UTC
733,619,4.97624E+15,04/23,success,2012-03-27 14:54:39 UTC,2012-03-27 14:54:39 UTC
734,620,4.68884E+15,04/23,success,2012-03-27 14:54:39 UTC,2012-03-27 14:54:39 UTC
735,621,4.84217E+15,04/23,refunded,2012-03-27 14:54:39 UTC,2012-03-27 14:54:39 UTC
736,622,4.89193E+15,04/23,refunded,2012-03-27 14:54:40 UTC,2012-03-27 14:54:40 UTC
737,622,4.28259E+15,04/23,refunded,2012-03-27 14:54:40 UTC,2012-03-27 14:54:40 UTC
738,623,4.41039E+15,04/23,success,2012-03-27 14:54:40 UTC,2012-03-27 14:54:40 UTC
739,624,4.91221E+15,04/23,success,2012-03-27 14:54:40 UTC,2012-03-27 14:54:40 UTC
740,625,4.39511E+15,04/23,refunded,2012-03-27 14:54:40 UTC,2012-03-27 14:54:40 UTC
741,626,4.97357E+15,04/23,success,2012-03-27 14:54:40 UTC,2012-03-27 14:54:40 UTC
742,627,4.88703E+15,04/23,refunded,2012-03-27 14:54:40 UTC,2012-03-27 14:54:40 UTC
743,628,4.02977E+15,04/23,failed,2012-03-27 14:54:40 UTC,2012-03-27 14:54:40 UTC
744,628,4.26028E+15,04/23,failed,2012-03-27 14:54:40 UTC,2012-03-27 14:54:40 UTC
745,629,4.05985E+15,04/23,success,2012-03-27 14:54:40 UTC,2012-03-27 14:54:40 UTC
746,630,4.15004E+15,04/23,success,2012-03-27 14:54:40 UTC,2012-03-27 14:54:40 UTC
747,631,4.8951E+15,04/23,success,2012-03-27 14:54:40 UTC,2012-03-27 14:54:40 UTC
748,632,4.20517E+15,04/23,success,2012-03-27 14:54:40 UTC,2012-03-27 14:54:40 UTC
749,633,4.98458E+15,04/23,refunded,2012-03-27 14:54:40 UTC,2012-03-27 14:54:40 UTC
750,634,4.4149E+15,04/23,success,2012-03-27 14:54:40 UTC,2012-03-27 14:54:40 UTC
751,635,4.94201E+15,04/23,refunded,2012-03-27 14:54:40 UTC,2012-03-27 14:54:40 UTC
752,636,4.07759E+15,04/23,success,2012-03-27 14:54:40 UTC,2012-03-27 14:54:40 UTC
753,637,4.26987E+15,04/23,failed,2012-03-27 14:54:40 UTC,2012-03-27 14:54:40 UTC
754,637,4.26616E+15,04/23,failed,2012-03-27 14:54:40 UTC,2012-03-27 14:54:40 UTC
755,638,4.57511E+15,04/23,success,2012-03-27 14:54:40 UTC,2012-03-27 14:54:40 UTC
756,639,4.54294E+15,04/23,success,2012-03-27 14:54:40 UTC,2012-03-27 14:54:40 UTC
757,640,4.14437E+15,04/23,success,2012-03-27 14:54:40 UTC,2012-03-27 14:54:40 UTC
758,641,4.58019E+15,04/23,refunded,2012-03-27 14:54:40 UTC,2012-03-27 14:54:40 UTC
759,642,4.53487E+15,04/23,success,2012-03-27 14:54:40 UTC,2012-03-27 14:54:40 UTC
760,643,4.63655E+15,04/23,success,2012-03-27 14:54:40 UTC,2012-03-27 14:54:40 UTC
761,644,4.76129E+15,04/23,refunded,2012-03-27 14:54:40 UTC,2012-03-27 14:54:40 UTC
762,645,4.57022E+15,04/23,failed,2012-03-27 14:54:40 UTC,2012-03-27 14:54:40 UTC
763,646,4.47087E+15,04/23,refunded,2012-03-27 14:54:40 UTC,2012-03-27 14:54:40 UTC
764,647,4.31724E+15,04/23,success,2012-03-27 14:54:40 UTC,2012-03-27 14:54:40 UTC
765,648,4.73406E+15,04/23,refunded,2012-03-27 14:54:40 UTC,2012-03-27 14:54:40 UTC
766,649,4.41295E+15,04/23,success,2012-03-27 14:54:41 UTC,2012-03-27 14:54:41 UTC
767,650,4.6169E+15,04/23,refunded,2012-03-27 14:54:41 UTC,2012-03-27 14:54:41 UTC
768,651,4.74545E+15,04/23,success,2012-03-27 14:54:41 UTC,2012-03-27 14:54:41 UTC
769,652,4.41781E+15,04/23,success,2012-03-27 14:54:41 UTC,2012-03-27 14:54:41 UTC
770,653,4.75848E+15,04/23,success,2012-03-27 14:54:41 UTC,2012-03-27 14:54:41 UTC
771,654,4.53834E+15,04/23,success,2012-03-27 14:54:41 UTC,2012-03-27 14:54:41 UTC
772,655,4.37966E+15,04/23,success,2012-03-27 14:54:41 UTC,2012-03-27 14:54:41 UTC
773,656,4.08008E+15,04/23,success,2012-03-27 14:54:41 UTC,2012-03-27 14:54:41 UTC
774,657,4.9327E+15,04/23,success,2012-03-27 14:54:41 UTC,2012-03-27 14:54:41 UTC
775,658,4.22769E+15,04/23,success,2012-03-27 14:54:41 UTC,2012-03-27 14:54:41 UTC
776,659,4.59427E+15,04/23,refunded,2012-03-27 14:54:41 UTC,2012-03-27 14:54:41 UTC
777,660,4.40221E+15,04/23,success,2012-03-27 14:54:41 UTC,2012-03-27 14:54:41 UTC
778,661,4.23124E+15,04/23,refunded,2012-03-27 14:54:41 UTC,2012-03-27 14:54:41 UTC
779,662,4.38612E+15,04/23,success,2012-03-27 14:54:41 UTC,2012-03-27 14:54:41 UTC
780,663,4.68319E+15,04/23,refunded,2012-03-27 14:54:41 UTC,2012-03-27 14:54:41 UTC
781,664,4.91177E+15,04/23,success,2012-03-27 14:54:41 UTC,2012-03-27 14:54:41 UTC
782,665,4.47446E+15,04/23,refunded,2012-03-27 14:54:41 UTC,2012-03-27 14:54:41 UTC
783,666,4.92425E+15,04/23,success,2012-03-27 14:54:41 UTC,2012-03-27 14:54:41 UTC
784,667,4.80887E+15,04/23,success,2012-03-27 14:54:41 UTC,2012-03-27 14:54:41 UTC
785,668,4.42667E+15,04/23,refunded,2012-03-27 14:54:41 UTC,2012-03-27 14:54:41 UTC
786,669,4.29382E+15,04/23,success,2012-03-27 14:54:41 UTC,2012-03-27 14:54:41 UTC
787,670,4.44721E+15,04/23,refunded,2012-03-27 14:54:41 UTC,2012-03-27 14:54:41 UTC
788,671,4.96359E+15,04/23,refunded,2012-03-27 14:54:41 UTC,2012-03-27 14:54:41 UTC
789,672,4.90708E+15,04/23,success,2012-03-27 14:54:42 UTC,2012-03-27 14:54:42 UTC
790,673,4.11184E+15,04/23,success,2012-03-27 14:54:42 UTC,2012-03-27 14:54:42 UTC
791,674,4.83165E+15,04/23,refunded,2012-03-27 14:54:42 UTC,2012-03-27 14:54:42 UTC
792,675,4.97604E+15,04/23,success,2012-03-27 14:54:42 UTC,2012-03-27 14:54:42 UTC
793,676,4.13242E+15,04/23,success,2012-03-27 14:54:42 UTC,2012-03-27 14:54:42 UTC
794,677,4.46646E+15,04/23,success,2012-03-27 14:54:42 UTC,2012-03-27 14:54:42 UTC
795,678,4.42013E+15,04/23,success,2012-03-27 14:54:42 UTC,2012-03-27 14:54:42 UTC
796,679,4.44853E+15,04/23,failed,2012-03-27 14:54:42 UTC,2012-03-27 14:54:42 UTC
797,679,4.23206E+15,04/23,success,2012-03-27 14:54:42 UTC,2012-03-27 14:54:42 UTC
798,680,4.39775E+15,04/23,success,2012-03-27 14:54:42 UTC,2012-03-27 14:54:42 UTC
799,681,4.89626E+15,04/23,failed,2012-03-27 14:54:42 UTC,2012-03-27 14:54:42 UTC
800,681,4.54325E+15,04/23,success,2012-03-27 14:54:42 UTC,2012-03-27 14:54:42 UTC
801,682,4.53488E+15,04/23,refunded,2012-03-27 14:54:42 UTC,2012-03-27 14:54:42 UTC
802,683,4.27517E+15,04/23,success,2012-03-27 14:54:42 UTC,2012-03-27 14:54:42 UTC
803,684,4.26787E+15,04/23,success,2012-03-27 14:54:42 UTC,2012-03-27 14:54:42 UTC
804,685,4.92972E+15,04/23,refunded,2012-03-27 14:54:42 UTC,2012-03-27 14:54:42 UTC
805,685,4.44639E+15,04/23,refunded,2012-03-27 14:54:42 UTC,2012-03-27 14:54:42 UTC
806,686,4.63113E+15,04/23,success,2012-03-27 14:54:42 UTC,2012-03-27 14:54:42 UTC
807,687,4.58918E+15,04/23,success,2012-03-27 14:54:42 UTC,2012-03-27 14:54:42 UTC
808,688,4.76853E+15,04/23,success,2012-03-27 14:54:42 UTC,2012-03-27 14:54:42 UTC
809,689,4.69895E+15,04/23,failed,2012-03-27 14:54:42 UTC,2012-03-27 14:54:42 UTC
810,689,4.36206E+15,04/23,success,2012-03-27 14:54:42 UTC,2012-03-27 14:54:42 UTC
811,690,4.35365E+15,04/23,refunded,2012-03-27 14:54:42 UTC,2012-03-27 14:54:42 UTC
812,691,4.07674E+15,04/23,refunded,2012-03-27 14:54:42 UTC,2012-03-27 14:54:42 UTC
813,692,4.1217E+15,04/23,refunded,2012-03-27 14:54:42 UTC,2012-03-27 14:54:42 UTC
814,693,4.1105E+15,04/23,refunded,2012-03-27 14:54:43 UTC,2012-03-27 14:54:43 UTC
815,694,4.83047E+15,04/23,success,2012-03-27 14:54:43 UTC,2012-03-27 14:54:43 UTC
816,695,4.06865E+15,04/23,success,2012-03-27 14:54:43 UTC,2012-03-27 14:54:43 UTC
817,696,4.20812E+15,04/23,refunded,2012-03-27 14:54:43 UTC,2012-03-27 14:54:43 UTC
818,697,4.37156E+15,04/23,success,2012-03-27 14:54:43 UTC,2012-03-27 14:54:43 UTC
819,698,4.07924E+15,04/23,success,2012-03-27 14:54:43 UTC,2012-03-27 14:54:43 UTC
820,699,4.32359E+15,04/23,refunded,2012-03-27 14:54:43 UTC,2012-03-27 14:54:43 UTC
821,700,4.99168E+15,04/23,success,2012-03-27 14:54:43 UTC,2012-03-27 14:54:43 UTC
822,701,4.89139E+15,04/23,success,2012-03-27 14:54:43 UTC,2012-03-27 14:54:43 UTC
823,702,4.65996E+15,04/23,success,2012-03-27 14:54:43 UTC,2012-03-27 14:54:43 UTC
824,703,4.71643E+15,04/23,success,2012-03-27 14:54:43 UTC,2012-03-27 14:54:43 UTC
825,704,4.01984E+15,04/23,failed,2012-03-27 14:54:43 UTC,2012-03-27 14:54:43 UTC
826,704,4.26071E+15,04/23,success,2012-03-27 14:54:43 UTC,2012-03-27 14:54:43 UTC
827,705,4.4523E+15,04/23,refunded,2012-03-27 14:54:43 UTC,2012-03-27 14:54:43 UTC
828,706,4.34134E+15,04/23,refunded,2012-03-27 14:54:43 UTC,2012-03-27 14:54:43 UTC
829,707,4.37559E+15,04/23,success,2012-03-27 14:54:43 UTC,2012-03-27 14:54:43 UTC
830,708,4.93389E+15,04/23,failed,2012-03-27 14:54:43 UTC,2012-03-27 14:54:43 UTC
831,708,4.11627E+15,04/23,failed,2012-03-27 14:54:43 UTC,2012-03-27 14:54:43 UTC
832,708,4.78203E+15,04/23,success,2012-03-27 14:54:43 UTC,2012-03-27 14:54:43 UTC
833,709,4.86025E+15,04/23,refunded,2012-03-27 14:54:43 UTC,2012-03-27 14:54:43 UTC
834,710,4.37474E+15,04/23,refunded,2012-03-27 14:54:43 UTC,2012-03-27 14:54:43 UTC
835,710,4.17974E+15,04/23,refunded,2012-03-27 14:54:43 UTC,2012-03-27 14:54:43 UTC
836,710,4.30382E+15,04/23,refunded,2012-03-27 14:54:43 UTC,2012-03-27 14:54:43 UTC
837,711,4.98779E+15,04/23,success,2012-03-27 14:54:43 UTC,2012-03-27 14:54:43 UTC
838,712,4.74507E+15,04/23,refunded,2012-03-27 14:54:43 UTC,2012-03-27 14:54:43 UTC
839,713,4.80941E+15,04/23,refunded,2012-03-27 14:54:43 UTC,2012-03-27 14:54:43 UTC
840,714,4.65234E+15,04/23,success,2012-03-27 14:54:43 UTC,2012-03-27 14:54:43 UTC
841,715,4.85001E+15,04/23,success,2012-03-27 14:54:43 UTC,2012-03-27 14:54:43 UTC
842,716,4.61405E+15,04/23,success,2012-03-27 14:54:43 UTC,2012-03-27 14:54:43 UTC
843,717,4.7219E+15,04/23,refunded,2012-03-27 14:54:44 UTC,2012-03-27 14:54:44 UTC
844,718,4.57852E+15,04/23,failed,2012-03-27 14:54:44 UTC,2012-03-27 14:54:44 UTC
845,718,4.05737E+15,04/23,failed,2012-03-27 14:54:44 UTC,2012-03-27 14:54:44 UTC
846,718,4.10069E+15,04/23,success,2012-03-27 14:54:44 UTC,2012-03-27 14:54:44 UTC
847,719,4.94065E+15,04/23,refunded,2012-03-27 14:54:44 UTC,2012-03-27 14:54:44 UTC
848,720,4.83511E+15,04/23,success,2012-03-27 14:54:44 UTC,2012-03-27 14:54:44 UTC
849,721,4.75074E+15,04/23,success,2012-03-27 14:54:44 UTC,2012-03-27 14:54:44 UTC
850,722,4.87829E+15,04/23,success,2012-03-27 14:54:44 UTC,2012-03-27 14:54:44 UTC
851,723,4.01779E+15,04/23,refunded,2012-03-27 14:54:44 UTC,2012-03-27 14:54:44 UTC
852,724,4.62628E+15,04/23,success,2012-03-27 14:54:44 UTC,2012-03-27 14:54:44 UTC
853,725,4.21206E+15,04/23,success,2012-03-27 14:54:44 UTC,2012-03-27 14:54:44 UTC
854,726,4.61344E+15,04/23,failed,2012-03-27 14:54:44 UTC,2012-03-27 14:54:44 UTC
855,726,4.05424E+15,04/23,success,2012-03-27 14:54:44 UTC,2012-03-27 14:54:44 UTC
856,727,4.79252E+15,04/23,success,2012-03-27 14:54:44 UTC,2012-03-27 14:54:44 UTC
857,728,4.16197E+15,04/23,success,2012-03-27 14:54:44 UTC,2012-03-27 14:54:44 UTC
858,729,4.17589E+15,04/23,success,2012-03-27 14:54:44 UTC,2012-03-27 14:54:44 UTC
859,730,4.06825E+15,04/23,success,2012-03-27 14:54:44 UTC,2012-03-27 14:54:44 UTC
860,731,4.30663E+15,04/23,refunded,2012-03-27 14:54:44 UTC,2012-03-27 14:54:44 UTC
861,732,4.70915E+15,04/23,success,2012-03-27 14:54:44 UTC,2012-03-27 14:54:44 UTC
862,733,4.99667E+15,04/23,success,2012-03-27 14:54:44 UTC,2012-03-27 14:54:44 UTC
863,734,4.17058E+15,04/23,refunded,2012-03-27 14:54:44 UTC,2012-03-27 14:54:44 UTC
864,735,4.82232E+15,04/23,refunded,2012-03-27 14:54:44 UTC,2012-03-27 14:54:44 UTC
865,736,4.57795E+15,04/23,refunded,2012-03-27 14:54:44 UTC,2012-03-27 14:54:44 UTC
866,736,4.12511E+15,04/23,refunded,2012-03-27 14:54:44 UTC,2012-03-27 14:54:44 UTC
867,736,4.78555E+15,04/23,refunded,2012-03-27 14:54:44 UTC,2012-03-27 14:54:44 UTC
868,737,4.04963E+15,04/23,success,2012-03-27 14:54:44 UTC,2012-03-27 14:54:44 UTC
869,738,4.19747E+15,04/23,success,2012-03-27 14:54:44 UTC,2012-03-27 14:54:44 UTC
870,739,4.18451E+15,04/23,refunded,2012-03-27 14:54:44 UTC,2012-03-27 14:54:44 UTC
871,740,4.56823E+15,04/23,success,2012-03-27 14:54:45 UTC,2012-03-27 14:54:45 UTC
872,741,4.20056E+15,04/23,refunded,2012-03-27 14:54:45 UTC,2012-03-27 14:54:45 UTC
873,742,4.64796E+15,04/23,refunded,2012-03-27 14:54:45 UTC,2012-03-27 14:54:45 UTC
874,743,4.49277E+15,04/23,success,2012-03-27 14:54:45 UTC,2012-03-27 14:54:45 UTC
875,744,4.34387E+15,04/23,success,2012-03-27 14:54:45 UTC,2012-03-27 14:54:45 UTC
876,745,4.55502E+15,04/23,success,2012-03-27 14:54:45 UTC,2012-03-27 14:54:45 UTC
877,746,4.28342E+15,04/23,success,2012-03-27 14:54:45 UTC,2012-03-27 14:54:45 UTC
878,748,4.62369E+15,04/23,success,2012-03-27 14:54:45 UTC,2012-03-27 14:54:45 UTC
879,749,4.42993E+15,04/23,refunded,2012-03-27 14:54:45 UTC,2012-03-27 14:54:45 UTC
880,750,4.02925E+15,04/23,refunded,2012-03-27 14:54:45 UTC,2012-03-27 14:54:45 UTC
881,751,4.61546E+15,04/23,success,2012-03-27 14:54:45 UTC,2012-03-27 14:54:45 UTC
882,752,4.81516E+15,04/23,refunded,2012-03-27 14:54:45 UTC,2012-03-27 14:54:45 UTC
883,753,4.58352E+15,04/23,success,2012-03-27 14:54:45 UTC,2012-03-27 14:54:45 UTC
884,754,4.18768E+15,04/23,success,2012-03-27 14:54:45 UTC,2012-03-27 14:54:45 UTC
885,755,4.85832E+15,04/23,success,2012-03-27 14:54:45 UTC,2012-03-27 14:54:45 UTC
886,756,4.25252E+15,04/23,success,2012-03-27 14:54:45 UTC,2012-03-27 14:54:45 UTC
887,757,4.50293E+15,04/23,refunded,2012-03-27 14:54:45 UTC,2012-03-27 14:54:45 UTC
888,758,4.40994E+15,04/23,success,2012-03-27 14:54:45 UTC,2012-03-27 14:54:45 UTC
889,759,4.11136E+15,04/23,refunded,2012-03-27 14:54:45 UTC,2012-03-27 14:54:45 UTC
890,760,4.06064E+15,04/23,success,2012-03-27 14:54:46 UTC,2012-03-27 14:54:46 UTC
891,761,4.49953E+15,04/23,success,2012-03-27 14:54:46 UTC,2012-03-27 14:54:46 UTC
892,762,4.42157E+15,04/23,success,2012-03-27 14:54:46 UTC,2012-03-27 14:54:46 UTC
893,763,4.02371E+15,04/23,refunded,2012-03-27 14:54:46 UTC,2012-03-27 14:54:46 UTC
894,764,4.81081E+15,04/23,refunded,2012-03-27 14:54:46 UTC,2012-03-27 14:54:46 UTC
895,765,4.14192E+15,04/23,success,2012-03-27 14:54:46 UTC,2012-03-27 14:54:46 UTC
896,766,4.96088E+15,04/23,success,2012-03-27 14:54:46 UTC,2012-03-27 14:54:46 UTC
897,767,4.72871E+15,04/23,success,2012-03-27 14:54:46 UTC,2012-03-27 14:54:46 UTC
898,768,4.84734E+15,04/23,success,2012-03-27 14:54:46 UTC,2012-03-27 14:54:46 UTC
899,769,4.71391E+15,04/23,success,2012-03-27 14:54:46 UTC,2012-03-27 14:54:46 UTC
900,770,4.50736E+15,04/23,success,2012-03-27 14:54:46 UTC,2012-03-27 14:54:46 UTC
901,771,4.61868E+15,04/23,refunded,2012-03-27 14:54:46 UTC,2012-03-27 14:54:46 UTC
902,772,4.69136E+15,04/23,success,2012-03-27 14:54:46 UTC,2012-03-27 14:54:46 UTC
903,773,4.84383E+15,04/23,refunded,2012-03-27 14:54:46 UTC,2012-03-27 14:54:46 UTC
904,774,4.06534E+15,04/23,success,2012-03-27 14:54:46 UTC,2012-03-27 14:54:46 UTC
905,775,4.02766E+15,04/23,refunded,2012-03-27 14:54:46 UTC,2012-03-27 14:54:46 UTC
906,776,4.70434E+15,04/23,failed,2012-03-27 14:54:46 UTC,2012-03-27 14:54:46 UTC
907,777,4.38164E+15,04/23,success,2012-03-27 14:54:46 UTC,2012-03-27 14:54:46 UTC
908,778,4.23554E+15,04/23,success,2012-03-27 14:54:46 UTC,2012-03-27 14:54:46 UTC
909,779,4.48126E+15,04/23,success,2012-03-27 14:54:47 UTC,2012-03-27 14:54:47 UTC
910,780,4.14182E+15,04/23,success,2012-03-27 14:54:47 UTC,2012-03-27 14:54:47 UTC
911,781,4.48994E+15,04/23,success,2012-03-27 14:54:47 UTC,2012-03-27 14:54:47 UTC
912,782,4.74719E+15,04/23,failed,2012-03-27 14:54:47 UTC,2012-03-27 14:54:47 UTC
913,782,4.08763E+15,04/23,failed,2012-03-27 14:54:47 UTC,2012-03-27 14:54:47 UTC
914,782,4.29602E+15,04/23,success,2012-03-27 14:54:47 UTC,2012-03-27 14:54:47 UTC
915,783,4.9108E+15,04/23,success,2012-03-27 14:54:47 UTC,2012-03-27 14:54:47 UTC
916,784,4.26814E+15,04/23,refunded,2012-03-27 14:54:47 UTC,2012-03-27 14:54:47 UTC
917,785,4.15571E+15,04/23,success,2012-03-27 14:54:47 UTC,2012-03-27 14:54:47 UTC
918,786,4.85283E+15,04/23,success,2012-03-27 14:54:47 UTC,2012-03-27 14:54:47 UTC
919,787,4.58116E+15,04/23,success,2012-03-27 14:54:47 UTC,2012-03-27 14:54:47 UTC
920,788,4.95284E+15,04/23,refunded,2012-03-27 14:54:47 UTC,2012-03-27 14:54:47 UTC
921,789,4.45367E+15,04/23,refunded,2012-03-27 14:54:47 UTC,2012-03-27 14:54:47 UTC
922,790,4.1527E+15,04/23,success,2012-03-27 14:54:47 UTC,2012-03-27 14:54:47 UTC
923,791,4.43309E+15,04/23,refunded,2012-03-27 14:54:47 UTC,2012-03-27 14:54:47 UTC
924,792,4.14603E+15,04/23,success,2012-03-27 14:54:47 UTC,2012-03-27 14:54:47 UTC
925,793,4.00321E+15,04/23,success,2012-03-27 14:54:47 UTC,2012-03-27 14:54:47 UTC
926,794,4.27464E+15,04/23,refunded,2012-03-27 14:54:47 UTC,2012-03-27 14:54:47 UTC
927,795,4.67672E+15,04/23,success,2012-03-27 14:54:47 UTC,2012-03-27 14:54:47 UTC
928,796,4.33687E+15,04/23,refunded,2012-03-27 14:54:47 UTC,2012-03-27 14:54:47 UTC
929,797,4.19805E+15,04/23,success,2012-03-27 14:54:47 UTC,2012-03-27 14:54:47 UTC
930,798,4.93486E+15,04/23,refunded,2012-03-27 14:54:47 UTC,2012-03-27 14:54:47 UTC
931,799,4.80379E+15,04/23,success,2012-03-27 14:54:48 UTC,2012-03-27 14:54:48 UTC
932,800,4.32187E+15,04/23,success,2012-03-27 14:54:48 UTC,2012-03-27 14:54:48 UTC
933,801,4.74674E+15,04/23,success,2012-03-27 14:54:48 UTC,2012-03-27 14:54:48 UTC
934,802,4.76739E+15,04/23,refunded,2012-03-27 14:54:48 UTC,2012-03-27 14:54:48 UTC
935,803,4.39828E+15,04/23,refunded,2012-03-27 14:54:48 UTC,2012-03-27 14:54:48 UTC
936,804,4.43699E+15,04/23,refunded,2012-03-27 14:54:48 UTC,2012-03-27 14:54:48 UTC
937,805,4.74327E+15,04/23,success,2012-03-27 14:54:48 UTC,2012-03-27 14:54:48 UTC
938,806,4.96934E+15,04/23,refunded,2012-03-27 14:54:48 UTC,2012-03-27 14:54:48 UTC
939,807,4.07249E+15,04/23,failed,2012-03-27 14:54:48 UTC,2012-03-27 14:54:48 UTC
940,807,4.76607E+15,04/23,success,2012-03-27 14:54:48 UTC,2012-03-27 14:54:48 UTC
941,808,4.6273E+15,04/23,success,2012-03-27 14:54:48 UTC,2012-03-27 14:54:48 UTC
942,809,4.2928E+15,04/23,success,2012-03-27 14:54:48 UTC,2012-03-27 14:54:48 UTC
943,810,4.086E+15,04/23,success,2012-03-27 14:54:48 UTC,2012-03-27 14:54:48 UTC
944,811,4.04675E+15,04/23,success,2012-03-27 14:54:48 UTC,2012-03-27 14:54:48 UTC
945,812,4.0551E+15,04/23,success,2012-03-27 14:54:48 UTC,2012-03-27 14:54:48 UTC
946,813,4.91125E+15,04/23,success,2012-03-27 14:54:48 UTC,2012-03-27 14:54:48 UTC
947,814,4.11734E+15,04/23,refunded,2012-03-27 14:54:48 UTC,2012-03-27 14:54:48 UTC
948,815,4.95165E+15,04/23,refunded,2012-03-27 14:54:48 UTC,2012-03-27 14:54:48 UTC
949,816,4.08704E+15,04/23,success,2012-03-27 14:54:48 UTC,2012-03-27 14:54:48 UTC
950,817,4.76202E+15,04/23,success,2012-03-27 14:54:48 UTC,2012-03-27 14:54:48 UTC
951,818,4.24775E+15,04/23,refunded,2012-03-27 14:54:49 UTC,2012-03-27 14:54:49 UTC
952,819,4.92345E+15,04/23,refunded,2012-03-27 14:54:49 UTC,2012-03-27 14:54:49 UTC
953,820,4.05048E+15,04/23,refunded,2012-03-27 14:54:49 UTC,2012-03-27 14:54:49 UTC
954,821,4.57393E+15,04/23,success,2012-03-27 14:54:49 UTC,2012-03-27 14:54:49 UTC
955,822,4.22494E+15,04/23,success,2012-03-27 14:54:49 UTC,2012-03-27 14:54:49 UTC
956,823,4.4063E+15,04/23,success,2012-03-27 14:54:49 UTC,2012-03-27 14:54:49 UTC
957,824,4.70832E+15,04/23,success,2012-03-27 14:54:49 UTC,2012-03-27 14:54:49 UTC
958,825,4.48992E+15,04/23,refunded,2012-03-27 14:54:49 UTC,2012-03-27 14:54:49 UTC
959,826,4.69196E+15,04/23,failed,2012-03-27 14:54:49 UTC,2012-03-27 14:54:49 UTC
960,826,4.5724E+15,04/23,failed,2012-03-27 14:54:49 UTC,2012-03-27 14:54:49 UTC
961,826,4.43904E+15,04/23,success,2012-03-27 14:54:49 UTC,2012-03-27 14:54:49 UTC
962,827,4.95455E+15,04/23,refunded,2012-03-27 14:54:49 UTC,2012-03-27 14:54:49 UTC
963,828,4.67224E+15,04/23,refunded,2012-03-27 14:54:49 UTC,2012-03-27 14:54:49 UTC
964,829,4.15847E+15,04/23,success,2012-03-27 14:54:49 UTC,2012-03-27 14:54:49 UTC
965,830,4.64788E+15,04/23,failed,2012-03-27 14:54:49 UTC,2012-03-27 14:54:49 UTC
966,830,4.51267E+15,04/23,success,2012-03-27 14:54:49 UTC,2012-03-27 14:54:49 UTC
967,831,4.41008E+15,04/23,success,2012-03-27 14:54:49 UTC,2012-03-27 14:54:49 UTC
968,832,4.65961E+15,04/23,failed,2012-03-27 14:54:49 UTC,2012-03-27 14:54:49 UTC
969,832,4.63217E+15,04/23,success,2012-03-27 14:54:49 UTC,2012-03-27 14:54:49 UTC
970,833,4.09825E+15,04/23,success,2012-03-27 14:54:49 UTC,2012-03-27 14:54:49 UTC
971,834,4.86485E+15,04/23,refunded,2012-03-27 14:54:49 UTC,2012-03-27 14:54:49 UTC
972,835,4.36018E+15,04/23,success,2012-03-27 14:54:49 UTC,2012-03-27 14:54:49 UTC
973,836,4.15982E+15,04/23,success,2012-03-27 14:54:49 UTC,2012-03-27 14:54:49 UTC
974,837,4.97193E+15,04/23,success,2012-03-27 14:54:49 UTC,2012-03-27 14:54:49 UTC
975,838,4.73615E+15,04/23,refunded,2012-03-27 14:54:49 UTC,2012-03-27 14:54:49 UTC
976,839,4.34588E+15,04/23,refunded,2012-03-27 14:54:50 UTC,2012-03-27 14:54:50 UTC
977,839,4.04947E+15,04/23,refunded,2012-03-27 14:54:50 UTC,2012-03-27 14:54:50 UTC
978,840,4.36192E+15,04/23,success,2012-03-27 14:54:50 UTC,2012-03-27 14:54:50 UTC
979,841,4.24298E+15,04/23,success,2012-03-27 14:54:50 UTC,2012-03-27 14:54:50 UTC
980,842,4.47538E+15,04/23,success,2012-03-27 14:54:50 UTC,2012-03-27 14:54:50 UTC
981,843,4.96743E+15,04/23,success,2012-03-27 14:54:50 UTC,2012-03-27 14:54:50 UTC
982,844,4.54081E+15,04/23,refunded,2012-03-27 14:54:50 UTC,2012-03-27 14:54:50 UTC
983,844,4.72397E+15,04/23,refunded,2012-03-27 14:54:50 UTC,2012-03-27 14:54:50 UTC
984,845,4.45276E+15,04/23,success,2012-03-27 14:54:50 UTC,2012-03-27 14:54:50 UTC
985,846,4.18351E+15,04/23,refunded,2012-03-27 14:54:50 UTC,2012-03-27 14:54:50 UTC
986,847,4.75408E+15,04/23,refunded,2012-03-27 14:54:50 UTC,2012-03-27 14:54:50 UTC
987,847,4.64403E+15,04/23,refunded,2012-03-27 14:54:50 UTC,2012-03-27 14:54:50 UTC
988,848,4.51169E+15,04/23,success,2012-03-27 14:54:50 UTC,2012-03-27 14:54:50 UTC
989,849,4.55258E+15,04/23,success,2012-03-27 14:54:50 UTC,2012-03-27 14:54:50 UTC
990,850,4.59824E+15,04/23,success,2012-03-27 14:54:50 UTC,2012-03-27 14:54:50 UTC
991,851,4.8923E+15,04/23,success,2012-03-27 14:54:50 UTC,2012-03-27 14:54:50 UTC
992,852,4.02504E+15,04/23,success,2012-03-27 14:54:50 UTC,2012-03-27 14:54:50 UTC
993,853,4.07811E+15,04/23,success,2012-03-27 14:54:50 UTC,2012-03-27 14:54:50 UTC
994,854,4.73195E+15,04/23,success,2012-03-27 14:54:50 UTC,2012-03-27 14:54:50 UTC
995,855,4.70794E+15,04/23,refunded,2012-03-27 14:54:50 UTC,2012-03-27 14:54:50 UTC
996,856,4.84521E+15,04/23,success,2012-03-27 14:54:50 UTC,2012-03-27 14:54:50 UTC
997,857,4.72883E+15,04/23,success,2012-03-27 14:54:50 UTC,2012-03-27 14:54:50 UTC
998,858,4.22882E+15,04/23,failed,2012-03-27 14:54:50 UTC,2012-03-27 14:54:50 UTC
999,859,4.12773E+15,04/23,success,2012-03-27 14:54:50 UTC,2012-03-27 14:54:50 UTC
1000,860,4.05104E+15,04/23,refunded,2012-03-27 14:54:50 UTC,2012-03-27 14:54:50 UTC
1001,861,4.79791E+15,04/23,refunded,2012-03-27 14:54:51 UTC,2012-03-27 14:54:51 UTC
1002,861,4.16884E+15,04/23,refunded,2012-03-27 14:54:51 UTC,2012-03-27 14:54:51 UTC
1003,861,4.83895E+15,04/23,refunded,2012-03-27 14:54:51 UTC,2012-03-27 14:54:51 UTC
1004,862,4.81985E+15,04/23,refunded,2012-03-27 14:54:51 UTC,2012-03-27 14:54:51 UTC
1005,863,4.9604E+15,04/23,success,2012-03-27 14:54:51 UTC,2012-03-27 14:54:51 UTC
1006,864,4.3584E+15,04/23,refunded,2012-03-27 14:54:51 UTC,2012-03-27 14:54:51 UTC
1007,865,4.08038E+15,04/23,success,2012-03-27 14:54:51 UTC,2012-03-27 14:54:51 UTC
1008,866,4.1432E+15,04/23,success,2012-03-27 14:54:51 UTC,2012-03-27 14:54:51 UTC
1009,867,4.70577E+15,04/23,success,2012-03-27 14:54:51 UTC,2012-03-27 14:54:51 UTC
1010,868,4.6693E+15,04/23,refunded,2012-03-27 14:54:51 UTC,2012-03-27 14:54:51 UTC
1011,869,4.42422E+15,04/23,success,2012-03-27 14:54:51 UTC,2012-03-27 14:54:51 UTC
1012,870,4.01598E+15,04/23,success,2012-03-27 14:54:51 UTC,2012-03-27 14:54:51 UTC
1013,871,4.74972E+15,04/23,failed,2012-03-27 14:54:51 UTC,2012-03-27 14:54:51 UTC
1014,871,4.57247E+15,04/23,success,2012-03-27 14:54:51 UTC,2012-03-27 14:54:51 UTC
1015,872,4.27991E+15,04/23,refunded,2012-03-27 14:54:51 UTC,2012-03-27 14:54:51 UTC
1016,873,4.07536E+15,04/23,success,2012-03-27 14:54:51 UTC,2012-03-27 14:54:51 UTC
1017,874,4.84235E+15,04/23,refunded,2012-03-27 14:54:51 UTC,2012-03-27 14:54:51 UTC
1018,875,4.81286E+15,04/23,success,2012-03-27 14:54:51 UTC,2012-03-27 14:54:51 UTC
1019,876,4.11502E+15,04/23,success,2012-03-27 14:54:51 UTC,2012-03-27 14:54:51 UTC
1020,878,4.69813E+15,04/23,success,2012-03-27 14:54:51 UTC,2012-03-27 14:54:51 UTC
1021,879,4.02223E+15,04/23,success,2012-03-27 14:54:51 UTC,2012-03-27 14:54:51 UTC
1022,880,4.72869E+15,04/23,success,2012-03-27 14:54:51 UTC,2012-03-27 14:54:51 UTC
1023,881,4.79814E+15,04/23,success,2012-03-27 14:54:51 UTC,2012-03-27 14:54:51 UTC
1024,882,4.41784E+15,04/23,refunded,2012-03-27 14:54:51 UTC,2012-03-27 14:54:51 UTC
1025,883,4.72255E+15,04/23,success,2012-03-27 14:54:51 UTC,2012-03-27 14:54:51 UTC
1026,884,4.59512E+15,04/23,failed,2012-03-27 14:54:52 UTC,2012-03-27 14:54:52 UTC
1027,884,4.11965E+15,04/23,failed,2012-03-27 14:54:52 UTC,2012-03-27 14:54:52 UTC
1028,885,4.51723E+15,04/23,refunded,2012-03-27 14:54:52 UTC,2012-03-27 14:54:52 UTC
1029,886,4.46692E+15,04/23,success,2012-03-27 14:54:52 UTC,2012-03-27 14:54:52 UTC
1030,887,4.36407E+15,04/23,failed,2012-03-27 14:54:52 UTC,2012-03-27 14:54:52 UTC
1031,887,4.20852E+15,04/23,success,2012-03-27 14:54:52 UTC,2012-03-27 14:54:52 UTC
1032,888,4.95381E+15,04/23,refunded,2012-03-27 14:54:52 UTC,2012-03-27 14:54:52 UTC
1033,890,4.78624E+15,04/23,failed,2012-03-27 14:54:52 UTC,2012-03-27 14:54:52 UTC
1034,890,4.94208E+15,04/23,success,2012-03-27 14:54:52 UTC,2012-03-27 14:54:52 UTC
1035,891,4.15871E+15,04/23,success,2012-03-27 14:54:52 UTC,2012-03-27 14:54:52 UTC
1036,892,4.63939E+15,04/23,refunded,2012-03-27 14:54:52 UTC,2012-03-27 14:54:52 UTC
1037,893,4.39138E+15,04/23,refunded,2012-03-27 14:54:52 UTC,2012-03-27 14:54:52 UTC
1038,894,4.14998E+15,04/23,success,2012-03-27 14:54:52 UTC,2012-03-27 14:54:52 UTC
1039,895,4.12029E+15,04/23,success,2012-03-27 14:54:52 UTC,2012-03-27 14:54:52 UTC
1040,896,4.88117E+15,04/23,success,2012-03-27 14:54:52 UTC,2012-03-27 14:54:52 UTC
1041,897,4.26467E+15,04/23,refunded,2012-03-27 14:54:52 UTC,2012-03-27 14:54:52 UTC
1042,898,4.14362E+15,04/23,refunded,2012-03-27 14:54:52 UTC,2012-03-27 14:54:52 UTC
1043,899,4.85448E+15,04/23,refunded,2012-03-27 14:54:52 UTC,2012-03-27 14:54:52 UTC
1044,900,4.10107E+15,04/23,success,2012-03-27 14:54:52 UTC,2012-03-27 14:54:52 UTC